model,variant,variant_rank,n_features,parameters,decision,accuracy_mean,accuracy_std,macro_f1_mean,macro_f1_std,train_accuracy_mean,train_accuracy_std,train_macro_f1_mean,train_macro_f1_std,draw_recall_mean,draw_recall_std,draw_f1_mean,draw_f1_std,true_draws_total,predicted_draws_total
ID3,current,0,6,"{""min_info_gain"": 0.005}",three_class,0.4232608132608133,0.013472217083512445,0.38179801799197954,0.016158398131533754,0.5268141251825367,0.00092495724627397,0.4587254634425368,0.0029320879952834,0.1709707516280415,0.013614835707578835,0.23094087584295145,0.014639151724414542,273,132
ID3,current,0,6,"{""min_info_gain"": 0.005}",never_draw,0.4133776100442767,0.02014139060280713,0.30734772406481187,0.019403237807923166,0.5136352654016109,0.001026965732099229,0.3757303966297263,0.0015559644222812225,0.0,0.0,0.0,0.0,273,0
NB propio,current,0,6,"{""m"": 0.1}",three_class,0.43436736103402773,0.03540033442803695,0.3634820714268044,0.03220194914949022,0.48396138467219707,0.000581837163559054,0.39550153521648485,0.0006227830150434107,0.053773772640636874,0.02522327826774626,0.09383055216388551,0.043255010901361135,273,38
NB propio,current,0,6,"{""m"": 0.1}",never_draw,0.43617641617641617,0.030836436913034112,0.3372357772375116,0.022396865230313544,0.48526928769216054,0.00011174244893811028,0.3639456288899392,0.00021730927289974106,0.0,0.0,0.0,0.0,273,0
CategoricalNB,current,0,6,"{""alpha"": 0.025}",three_class,0.43436736103402773,0.03540033442803695,0.3634820714268044,0.03220194914949022,0.48396138467219707,0.000581837163559054,0.39550153521648485,0.0006227830150434107,0.053773772640636874,0.02522327826774626,0.09383055216388551,0.043255010901361135,273,38
CategoricalNB,current,0,6,"{""alpha"": 0.025}",never_draw,0.43617641617641617,0.030836436913034112,0.3372357772375116,0.022396865230313544,0.48526928769216054,0.00011174244893811028,0.3639456288899392,0.00021730927289974106,0.0,0.0,0.0,0.0,273,0
Random Forest,current,0,6,"{""max_depth"": null, ""min_samples_leaf"": 20}",three_class,0.4347019647019647,0.018507259181703338,0.42276728437233263,0.009563015487877724,0.5964534382103376,0.0012873510160552053,0.5893135139429683,0.0010902039393977316,0.32683464344801155,0.05436178380291025,0.32549153508629725,0.04381462765337068,273,275
Random Forest,current,0,6,"{""max_depth"": null, ""min_samples_leaf"": 20}",never_draw,0.43491483824817156,0.044707879972167686,0.3370224241228157,0.030437950008097285,0.5410242947531977,0.00044276585131865497,0.41392041487810277,0.0002446427808724594,0.0,0.0,0.0,0.0,273,0
ID3,plus_points,1,8,"{""min_info_gain"": 0.005}",three_class,0.4047563547563547,0.011286536372008875,0.3826862736214151,0.012605112805383664,0.5674948881066154,0.0007903313482773431,0.5278476613370807,0.0020524040816555953,0.24412784275569246,0.026682378824236776,0.27501714344240324,0.033066949466879034,273,213
ID3,plus_points,1,8,"{""min_info_gain"": 0.005}",never_draw,0.40761547094880424,0.02465834000965078,0.3080933700498918,0.021909430683540107,0.5360908959412539,0.0007360962344962806,0.3981211894921934,0.0004450063878486068,0.0,0.0,0.0,0.0,273,0
NB propio,plus_points,1,8,"{""m"": 0.1}",three_class,0.4302242202242203,0.04291714099515881,0.3712752710039087,0.038672831231743914,0.47653454566010184,0.0002725800021520122,0.4019854180207137,0.0023158935926778897,0.0780790614790348,0.019409187079645375,0.12464131342849877,0.032685951691936346,273,71
NB propio,plus_points,1,8,"{""m"": 0.1}",never_draw,0.435673832340499,0.032206055464622435,0.3364986249582129,0.023468945250181457,0.48201139210253197,0.00047611211421869163,0.36216965491933784,0.00012804035800619636,0.0,0.0,0.0,0.0,273,0
CategoricalNB,plus_points,1,8,"{""alpha"": 0.025}",three_class,0.4302242202242203,0.04291714099515881,0.3712752710039087,0.038672831231743914,0.47653454566010184,0.0002725800021520122,0.4019854180207137,0.0023158935926778897,0.0780790614790348,0.019409187079645375,0.12464131342849877,0.032685951691936346,273,71
CategoricalNB,plus_points,1,8,"{""alpha"": 0.025}",never_draw,0.435673832340499,0.032206055464622435,0.3364986249582129,0.023468945250181457,0.48201139210253197,0.00047611211421869163,0.36216965491933784,0.00012804035800619636,0.0,0.0,0.0,0.0,273,0
Random Forest,plus_points,1,8,"{""max_depth"": null, ""min_samples_leaf"": 20}",three_class,0.42463462463462465,0.01754903290830591,0.41074429346963265,0.011259266085352604,0.6012380763788168,0.000746025437800783,0.5937869461702888,0.0005884084486467796,0.2932388379711797,0.05191295053110875,0.2975264803967308,0.03900959889848642,273,264
Random Forest,plus_points,1,8,"{""max_depth"": null, ""min_samples_leaf"": 20}",never_draw,0.4308274441607775,0.03917623620651667,0.3339941255618282,0.026221703543211565,0.5407718447163233,0.0008295626765520353,0.4135853265168193,0.0006687253069479494,0.0,0.0,0.0,0.0,273,0
ID3,plus_goal_difference,2,8,"{""min_info_gain"": 0.005}",three_class,0.39988751988751986,0.018511689447717885,0.3797930352385888,0.020446687601434758,0.6004961520546152,0.001452540771085396,0.5708644767371286,0.0019437682903566391,0.25339365296268296,0.03716997088175337,0.26883022184931027,0.04354036795285134,273,243
ID3,plus_goal_difference,2,8,"{""min_info_gain"": 0.005}",never_draw,0.41805108471775143,0.014786446396672334,0.3155705164229938,0.011733550390676873,0.5536817123310335,0.0011544126925631263,0.41503464352345315,0.0005417932371644398,0.0,0.0,0.0,0.0,273,0
NB propio,plus_goal_difference,2,8,"{""m"": 0.1}",three_class,0.4261592728259395,0.04298856088243601,0.36929027104374285,0.03894638888337089,0.4786943487013104,0.00031090277677229666,0.4093300271753672,0.00383527367875398,0.0780790614790348,0.019409187079645375,0.11895796323499679,0.028860702703363734,273,85
NB propio,plus_goal_difference,2,8,"{""m"": 0.1}",never_draw,0.446254979588313,0.03614161913824812,0.3451945510816541,0.025902525553822088,0.4849642918580969,0.00018782646243949326,0.36472206555344777,0.00016541047384943043,0.0,0.0,0.0,0.0,273,0
CategoricalNB,plus_goal_difference,2,8,"{""alpha"": 0.025}",three_class,0.4261592728259395,0.04298856088243601,0.36929027104374285,0.03894638888337089,0.4786943487013104,0.00031090277677229666,0.4093300271753672,0.00383527367875398,0.0780790614790348,0.019409187079645375,0.11895796323499679,0.028860702703363734,273,85
CategoricalNB,plus_goal_difference,2,8,"{""alpha"": 0.025}",never_draw,0.446254979588313,0.03614161913824812,0.3451945510816541,0.025902525553822088,0.4849642918580969,0.00018782646243949326,0.36472206555344777,0.00016541047384943043,0.0,0.0,0.0,0.0,273,0
Random Forest,plus_goal_difference,2,8,"{""max_depth"": null, ""min_samples_leaf"": 20}",three_class,0.4289510489510489,0.027992009180445972,0.4130156330685548,0.018046145159734687,0.6096182749872355,0.0004556675730053644,0.6022177941084855,0.0004825329047934096,0.2782667405164363,0.04580561125709064,0.2891018240591087,0.03691560307878488,273,252
Random Forest,plus_goal_difference,2,8,"{""max_depth"": null, ""min_samples_leaf"": 20}",never_draw,0.4393817293817294,0.04392054240744713,0.3407260161665299,0.029858471187923685,0.5401759473713797,0.0002662878263135915,0.4132189265201572,6.13147078327183e-05,0.0,0.0,0.0,0.0,273,0
ID3,plus_points_and_goals,3,10,"{""min_info_gain"": 0.005}",three_class,0.4153770920437587,0.031226444979693818,0.40018586401229767,0.029046413911492947,0.6205375561805336,0.0004800646722731308,0.5939396215859362,0.0009150931201922818,0.2784935904778718,0.022179587048175478,0.2947669374434595,0.010365482591660265,273,241
ID3,plus_points_and_goals,3,10,"{""min_info_gain"": 0.005}",never_draw,0.4168340301673635,0.027410989182161838,0.31658887851155143,0.021762710709448557,0.5627057310733933,0.0003178160210640429,0.4241842200830561,0.00013014831112927283,0.0,0.0,0.0,0.0,273,0
NB propio,plus_points_and_goals,3,10,"{""m"": 0.1}",three_class,0.4276498809832143,0.03709629834015805,0.3857983021252314,0.033245895298926714,0.47352405157436667,0.0008708226971348186,0.41432343134427546,0.0019866199344165682,0.12966339508593572,0.01572426081372358,0.18089799175503277,0.022515396332600624,273,119
NB propio,plus_points_and_goals,3,10,"{""m"": 0.1}",never_draw,0.44144719478052813,0.02919894203695175,0.3414271771368172,0.020411184256088618,0.48220117451267924,0.0004674420380240821,0.36293904728179266,7.474251213773769e-05,0.0,0.0,0.0,0.0,273,0
CategoricalNB,plus_points_and_goals,3,10,"{""alpha"": 0.025}",three_class,0.4276498809832143,0.03709629834015805,0.3857983021252314,0.033245895298926714,0.47352405157436667,0.0008708226971348186,0.41432343134427546,0.0019866199344165682,0.12966339508593572,0.01572426081372358,0.18089799175503277,0.022515396332600624,273,119
CategoricalNB,plus_points_and_goals,3,10,"{""alpha"": 0.025}",never_draw,0.44144719478052813,0.02919894203695175,0.3414271771368172,0.020411184256088618,0.48220117451267924,0.0004674420380240821,0.36293904728179266,7.474251213773769e-05,0.0,0.0,0.0,0.0,273,0
Random Forest,plus_points_and_goals,3,10,"{""max_depth"": null, ""min_samples_leaf"": 20}",three_class,0.431285134618468,0.02938582768726385,0.41685175272644176,0.022311722641134575,0.6246926537017891,0.0008197168216024533,0.6182907857352761,0.0008274766931183136,0.29000588911484043,0.03557981712838131,0.30344524906736886,0.022782730630430743,273,249
Random Forest,plus_points_and_goals,3,10,"{""max_depth"": null, ""min_samples_leaf"": 20}",never_draw,0.44471947805281137,0.032880093005781465,0.34525235242435687,0.02116216910311593,0.5467283047110159,0.0005114158479165535,0.4183482490809037,0.0004507728614765112,0.0,0.0,0.0,0.0,273,0
ID3,plus_draw_rates,4,8,"{""min_info_gain"": 0.005}",three_class,0.40659809326475993,0.025204408694779752,0.3916887379527598,0.02684789784144788,0.6277419179438716,0.0018618451311409486,0.6024959843436086,0.0012157665316136156,0.33647644062078724,0.05107536382856583,0.3370671484492623,0.06023179698290598,273,274
ID3,plus_draw_rates,4,8,"{""min_info_gain"": 0.005}",never_draw,0.3967211800545134,0.0029452743465584966,0.2961676104061961,0.001800161086040886,0.5683591645393055,0.0014247931454572588,0.4278777227933363,0.0007206976522730887,0.0,0.0,0.0,0.0,273,0
NB propio,plus_draw_rates,4,8,"{""m"": 0.1}",three_class,0.42237910237910237,0.036000116772245606,0.3840525487804074,0.030096210414852245,0.47395856911299833,0.00019382001412363202,0.40633665749424686,0.00079824527859186,0.13803483247467252,0.02818207875864773,0.18515803939532752,0.03633305905878691,273,133
NB propio,plus_draw_rates,4,8,"{""m"": 0.1}",never_draw,0.4339654172987506,0.036505286571551755,0.3355656805240163,0.02674352521735591,0.47997438684639326,0.0003949428293651331,0.360910574423746,0.00023265206983339465,0.0,0.0,0.0,0.0,273,0
CategoricalNB,plus_draw_rates,4,8,"{""alpha"": 0.025}",three_class,0.42237910237910237,0.036000116772245606,0.3840525487804074,0.030096210414852245,0.47395856911299833,0.00019382001412363202,0.40633665749424686,0.00079824527859186,0.13803483247467252,0.02818207875864773,0.18515803939532752,0.03633305905878691,273,133
CategoricalNB,plus_draw_rates,4,8,"{""alpha"": 0.025}",never_draw,0.4339654172987506,0.036505286571551755,0.3355656805240163,0.02674352521735591,0.47997438684639326,0.0003949428293651331,0.360910574423746,0.00023265206983339465,0.0,0.0,0.0,0.0,273,0
Random Forest,plus_draw_rates,4,8,"{""max_depth"": null, ""min_samples_leaf"": 20}",three_class,0.4075211208544542,0.035434404095602064,0.39312703004725075,0.02959970721892083,0.628484539338199,0.0003927832038062467,0.6222501769195529,0.0004512344669556221,0.27925320094279743,0.02822466305633687,0.2911504437065639,0.03615871846682827,273,251
Random Forest,plus_draw_rates,4,8,"{""max_depth"": null, ""min_samples_leaf"": 20}",never_draw,0.42462377129043793,0.03867606433893922,0.3283625404591482,0.02538406786982373,0.5504240266685142,0.0015638882432058654,0.42120346057857594,0.0011324178174313307,0.0,0.0,0.0,0.0,273,0
ID3,without_home_history,5,5,"{""min_info_gain"": 0.005}",three_class,0.40098247431580764,0.032345762221008836,0.3252179571053632,0.03445210079255338,0.5017377286734261,0.0037694823310507985,0.3877156856818735,0.00768686904239967,0.06808598377191741,0.015909295637087664,0.11539926739926738,0.022911328653424795,273,48
ID3,without_home_history,5,5,"{""min_info_gain"": 0.005}",never_draw,0.39246185912852577,0.03546650927033171,0.2864962566640777,0.030332189798220013,0.4986786365205717,0.003413253455878294,0.3593024461687597,0.006109841423472963,0.0,0.0,0.0,0.0,273,0
NB propio,without_home_history,5,5,"{""m"": 0.1}",three_class,0.424690741357408,0.029626237778264616,0.3369377191599732,0.030886928406919676,0.48643028658835163,0.00039379749661497986,0.3788935328791035,0.011878574742594404,0.018339808664410744,0.013091264618597498,0.03250915750915751,0.02332020435576345,273,23
NB propio,without_home_history,5,5,"{""m"": 0.1}",never_draw,0.42785116118449457,0.03211702481897657,0.3282130578429068,0.02492452979846812,0.48653293037657264,0.0005341976808105337,0.3620994610774135,0.0002265529198097404,0.0,0.0,0.0,0.0,273,0
CategoricalNB,without_home_history,5,5,"{""alpha"": 0.025}",three_class,0.424690741357408,0.029626237778264616,0.3369377191599732,0.030886928406919676,0.48643028658835163,0.00039379749661497986,0.3788935328791035,0.011878574742594404,0.018339808664410744,0.013091264618597498,0.03250915750915751,0.02332020435576345,273,23
CategoricalNB,without_home_history,5,5,"{""alpha"": 0.025}",never_draw,0.42785116118449457,0.03211702481897657,0.3282130578429068,0.02492452979846812,0.48653293037657264,0.0005341976808105337,0.3620994610774135,0.0002265529198097404,0.0,0.0,0.0,0.0,273,0
Random Forest,without_home_history,5,5,"{""max_depth"": null, ""min_samples_leaf"": 20}",three_class,0.3970234703568037,0.024399661462858845,0.38681382254284263,0.019587060171190676,0.5711666600950105,0.0006708582249911554,0.5605358973617034,0.0007828157524088358,0.278550639874114,0.04861177348795636,0.2772351105684439,0.045343673239136364,273,275
Random Forest,without_home_history,5,5,"{""max_depth"": null, ""min_samples_leaf"": 20}",never_draw,0.431693368360035,0.053081570397217614,0.33466596885823213,0.03856539708178941,0.5275326023247238,0.0011756866549709295,0.4027275047042715,0.0008219485965141122,0.0,0.0,0.0,0.0,273,0
ID3,without_home_h2h,6,5,"{""min_info_gain"": 0.005}",three_class,0.4142649942649943,0.009364532563969913,0.3246723648136794,0.011276528568819848,0.49577108867990133,0.002922844325432192,0.3833427109046399,0.010974843637029353,0.060658332064321176,0.020591158184784287,0.10090611632587647,0.028249017648152526,273,49
ID3,without_home_h2h,6,5,"{""min_info_gain"": 0.005}",never_draw,0.4161189427856094,0.00390590945453137,0.2944409612829036,0.010017400168835344,0.4927926130958677,0.0026741646829986036,0.3480431813404697,0.006193776234536947,0.0,0.0,0.0,0.0,273,0
NB propio,without_home_h2h,6,5,"{""m"": 0.1}",three_class,0.4273485773485774,0.03353404729463073,0.3440354448826604,0.02861360297570847,0.4790174113522036,0.0006244699720911707,0.38170033091272154,0.008557281974524392,0.028808597478776055,0.007790420478322676,0.050546611011727284,0.011862915064987089,273,37
NB propio,without_home_h2h,6,5,"{""m"": 0.1}",never_draw,0.4330272196938864,0.03091833742455941,0.3300469255838767,0.02593216945702651,0.4793058731176429,0.0002531157111130775,0.35399230532788944,0.0008275266977099082,0.0,0.0,0.0,0.0,273,0
CategoricalNB,without_home_h2h,6,5,"{""alpha"": 0.025}",three_class,0.4273485773485774,0.03353404729463073,0.3440354448826604,0.02861360297570847,0.4790174113522036,0.0006244699720911707,0.38170033091272154,0.008557281974524392,0.028808597478776055,0.007790420478322676,0.050546611011727284,0.011862915064987089,273,37
CategoricalNB,without_home_h2h,6,5,"{""alpha"": 0.025}",never_draw,0.4330272196938864,0.03091833742455941,0.3300469255838767,0.02593216945702651,0.4793058731176429,0.0002531157111130775,0.35399230532788944,0.0008275266977099082,0.0,0.0,0.0,0.0,273,0
Random Forest,without_home_h2h,6,5,"{""max_depth"": null, ""min_samples_leaf"": 20}",three_class,0.432261935595269,0.018237528611937965,0.42135158367345554,0.011520513411119941,0.5746953031986702,0.0007605641800775261,0.5669976928564431,0.0008611804000875172,0.32569904601730076,0.04234392944742005,0.3256288715324535,0.042446356665770915,273,273
Random Forest,without_home_h2h,6,5,"{""max_depth"": null, ""min_samples_leaf"": 20}",never_draw,0.43237416904083564,0.044706536810167806,0.3345418506938811,0.030387086506308288,0.533303362216934,0.0004768349821562971,0.40816023967730874,0.00039504287510223933,0.0,0.0,0.0,0.0,273,0
