home,away,date,gh,ga,full_time,winner,year,month,home_win_rate_last_5,away_win_rate_last_5,home_win_rate_season,away_win_rate_season,home_win_rate_as_home_all,home_win_rate_h2h_as_home
CA Fenix,Danubio,2024-02-17,1,2,F,V,2024,2,0.2,0.6,0.0,0.0,0.37721021611001965,0.34146341463414637
Miramar Misiones,CA Progreso,2024-02-17,2,3,F,V,2024,2,0.4,0.4,0.0,0.0,0.3110236220472441,0.5454545454545454
Nacional,River Plate,2024-02-17,2,1,F,L,2024,2,0.6,0.4,0.0,0.0,0.7080168776371308,0.7529411764705882
CA Cerro,Montevideo Wanderers,2024-02-18,1,1,F,E,2024,2,0.2,0.4,0.0,0.0,0.4380165289256198,0.5846153846153846
Deportivo Maldonado,Boston River,2024-02-18,1,2,F,V,2024,2,0.4,0.2,0.0,0.0,0.35119047619047616,0.5
Racing Club,Liverpool,2024-02-18,2,2,F,E,2024,2,0.6,0.8,0.0,0.0,0.37117117117117115,0.4444444444444444
Cerro Largo FC,CA Penarol,2024-02-19,1,2,F,V,2024,2,0.6,0.2,0.0,0.0,0.418848167539267,0.16666666666666666
River Plate,Deportivo Maldonado,2024-02-23,3,1,F,L,2024,2,0.4,0.2,0.0,0.0,0.4184549356223176,0.14285714285714285
Boston River,Danubio,2024-02-24,0,0,F,E,2024,2,0.4,0.6,1.0,1.0,0.36923076923076925,0.3333333333333333
Montevideo Wanderers,Racing Club,2024-02-24,0,1,F,V,2024,2,0.2,0.4,0.0,0.0,0.4202020202020202,0.4444444444444444
CA Penarol,Miramar Misiones,2024-02-25,2,0,F,L,2024,2,0.4,0.4,1.0,0.0,0.6866554054054054,0.7619047619047619
Cerro Largo FC,CA Fenix,2024-02-25,0,0,F,E,2024,2,0.4,0.2,0.0,0.0,0.4166666666666667,0.7272727272727273
Defensor Sporting,CA Cerro,2024-02-25,5,0,F,L,2024,2,0.2,0.2,0.0,0.0,0.4832881662149955,0.5211267605633803
Liverpool,Nacional,2024-02-25,1,1,F,E,2024,2,0.6,0.8,0.0,1.0,0.4486187845303867,0.20512820512820512
CA Cerro,CA Progreso,2024-03-01,2,3,F,V,2024,3,0.2,0.6,0.0,1.0,0.4375,0.38095238095238093
Miramar Misiones,Cerro Largo FC,2024-03-01,1,2,F,V,2024,3,0.2,0.4,0.0,0.0,0.30980392156862746,1.0
Racing Club,Defensor Sporting,2024-03-02,1,2,F,V,2024,3,0.4,0.2,0.5,1.0,0.37050359712230213,0.23404255319148937
River Plate,Danubio,2024-03-02,1,0,F,L,2024,3,0.4,0.6,0.5,0.5,0.4190782422293676,0.3770491803278688
CA Fenix,Boston River,2024-03-03,1,2,F,V,2024,3,0.2,0.2,0.0,0.5,0.3764705882352941,0.3
Liverpool,Deportivo Maldonado,2024-03-03,1,2,F,V,2024,3,0.4,0.0,0.0,0.0,0.4481236203090508,0.4444444444444444
Nacional,Montevideo Wanderers,2024-03-03,3,0,F,L,2024,3,0.6,0.2,0.5,0.0,0.7082630691399663,0.7111111111111111
Rampla Juniors Futbol Club,CA Penarol,2024-03-04,0,3,F,V,2024,3,0.4,0.6,0.0,1.0,0.4371508379888268,0.20967741935483872
CA Penarol,CA Cerro,2024-03-09,3,0,F,L,2024,3,0.6,0.2,1.0,0.0,0.6869198312236287,0.7777777777777778
Miramar Misiones,CA Fenix,2024-03-09,1,1,F,E,2024,3,0.0,0.2,0.0,0.0,0.30859375,0.3333333333333333
River Plate,Boston River,2024-03-09,1,2,F,V,2024,3,0.4,0.4,0.6666666666666666,0.6666666666666666,0.4197002141327623,0.2727272727272727
CA Progreso,Racing Club,2024-03-10,4,3,F,L,2024,3,0.6,0.2,1.0,0.3333333333333333,0.34782608695652173,0.42857142857142855
Defensor Sporting,Nacional,2024-03-10,3,3,F,E,2024,3,0.4,0.6,1.0,0.6666666666666666,0.48375451263537905,0.30927835051546393
Liverpool,Danubio,2024-03-10,1,2,F,V,2024,3,0.4,0.6,0.0,0.3333333333333333,0.4476295479603087,0.4166666666666667
Cerro Largo FC,Rampla Juniors Futbol Club,2024-03-11,2,0,F,L,2024,3,0.6,0.4,0.3333333333333333,0.0,0.41450777202072536,0.5
Montevideo Wanderers,Deportivo Maldonado,2024-03-11,0,0,F,E,2024,3,0.0,0.2,0.0,0.3333333333333333,0.41977800201816345,0.16666666666666666
Boston River,Liverpool,2024-03-15,1,1,F,E,2024,3,0.6,0.2,0.75,0.0,0.366412213740458,0.375
CA Fenix,River Plate,2024-03-16,0,0,F,E,2024,3,0.2,0.4,0.0,0.5,0.37573385518590996,0.21739130434782608
Racing Club,CA Penarol,2024-03-16,1,2,F,V,2024,3,0.2,0.8,0.25,1.0,0.36983842010771995,0.14583333333333334
Nacional,CA Progreso,2024-03-23,0,0,F,E,2024,3,0.4,0.6,0.5,1.0,0.7085088458298231,0.72
Rampla Juniors Futbol Club,Miramar Misiones,2024-03-23,1,1,F,E,2024,3,0.2,0.0,0.0,0.0,0.43654114365411434,0.5
CA Cerro,Cerro Largo FC,2024-03-24,1,1,F,E,2024,3,0.2,0.6,0.0,0.5,0.4369846878680801,0.125
Danubio,Montevideo Wanderers,2024-03-24,0,2,F,V,2024,3,0.6,0.0,0.5,0.0,0.4656652360515021,0.43661971830985913
Deportivo Maldonado,Defensor Sporting,2024-03-24,1,0,F,L,2024,3,0.2,0.4,0.25,0.6666666666666666,0.34911242603550297,0.4
CA Progreso,Rampla Juniors Futbol Club,2024-03-27,4,2,F,L,2024,3,0.6,0.2,0.75,0.0,0.3498452012383901,0.3333333333333333
CA Penarol,Nacional,2024-03-29,0,0,F,E,2024,3,1.0,0.4,1.0,0.4,0.6871838111298483,0.4396551724137931
Cerro Largo FC,Racing Club,2024-03-29,0,2,F,V,2024,3,0.4,0.2,0.4,0.2,0.4175257731958763,0.5
Defensor Sporting,Danubio,2024-03-30,1,0,F,L,2024,3,0.4,0.4,0.5,0.4,0.4833183047790803,0.4605263157894737
Liverpool,River Plate,2024-03-30,1,1,F,E,2024,3,0.0,0.4,0.0,0.4,0.44713656387665196,0.45454545454545453
Rampla Juniors Futbol Club,CA Fenix,2024-03-30,1,0,F,L,2024,3,0.2,0.0,0.0,0.0,0.435933147632312,0.5909090909090909
CA Progreso,Deportivo Maldonado,2024-03-31,3,1,F,L,2024,3,0.8,0.4,0.8,0.4,0.35185185185185186,0.5
Miramar Misiones,CA Cerro,2024-03-31,2,2,F,E,2024,3,0.0,0.0,0.0,0.0,0.30739299610894943,0.2857142857142857
Montevideo Wanderers,Boston River,2024-04-01,0,2,F,V,2024,4,0.2,0.6,0.2,0.6,0.41935483870967744,0.5
Boston River,Defensor Sporting,2024-04-06,2,2,F,E,2024,4,0.6,0.6,0.6666666666666666,0.6,0.36363636363636365,0.2
Danubio,CA Progreso,2024-04-06,1,1,F,E,2024,4,0.2,0.8,0.3333333333333333,0.8333333333333334,0.46516613076098606,0.5238095238095238
Nacional,Cerro Largo FC,2024-04-06,1,0,F,L,2024,4,0.2,0.4,0.3333333333333333,0.3333333333333333,0.7079124579124579,0.35714285714285715
Racing Club,Miramar Misiones,2024-04-06,1,1,F,E,2024,4,0.4,0.0,0.3333333333333333,0.0,0.36917562724014336,0.5
River Plate,Montevideo Wanderers,2024-04-06,3,1,F,L,2024,4,0.4,0.2,0.3333333333333333,0.16666666666666666,0.4192513368983957,0.4
CA Cerro,Rampla Juniors Futbol Club,2024-04-07,3,0,F,L,2024,4,0.0,0.2,0.0,0.2,0.4364705882352941,0.4583333333333333
CA Fenix,Liverpool,2024-04-07,1,3,F,V,2024,4,0.0,0.0,0.0,0.0,0.375,0.29411764705882354
Deportivo Maldonado,CA Penarol,2024-04-07,1,2,F,V,2024,4,0.4,0.8,0.3333333333333333,0.8333333333333334,0.35294117647058826,0.25
CA Cerro,CA Fenix,2024-04-13,0,0,F,E,2024,4,0.2,0.0,0.14285714285714285,0.0,0.4371327849588719,0.5882352941176471
CA Progreso,Boston River,2024-04-13,1,0,F,L,2024,4,0.6,0.6,0.7142857142857143,0.5714285714285714,0.35384615384615387,0.5
CA Penarol,Danubio,2024-04-14,2,0,F,L,2024,4,0.8,0.2,0.8571428571428571,0.2857142857142857,0.6866048862679023,0.6875
Defensor Sporting,River Plate,2024-04-14,2,1,F,L,2024,4,0.4,0.4,0.5,0.42857142857142855,0.4837837837837838,0.45569620253164556
Deportivo Maldonado,Cerro Largo FC,2024-04-14,0,1,F,V,2024,4,0.4,0.4,0.2857142857142857,0.2857142857142857,0.3508771929824561,0.25
Rampla Juniors Futbol Club,Racing Club,2024-04-14,0,1,F,V,2024,4,0.2,0.2,0.16666666666666666,0.2857142857142857,0.43671766342141866,0.4864864864864865
Montevideo Wanderers,Liverpool,2024-04-16,2,3,F,V,2024,4,0.2,0.2,0.14285714285714285,0.14285714285714285,0.418932527693857,0.5454545454545454
Miramar Misiones,Nacional,2024-04-17,1,2,F,V,2024,4,0.0,0.4,0.0,0.42857142857142855,0.3062015503875969,0.19047619047619047
Liverpool,Defensor Sporting,2024-04-19,1,1,F,E,2024,4,0.4,0.4,0.25,0.5714285714285714,0.44664466446644663,0.4444444444444444
Racing Club,CA Cerro,2024-04-19,1,1,F,E,2024,4,0.4,0.2,0.375,0.125,0.3685152057245081,0.4375
Boston River,CA Penarol,2024-04-20,1,3,F,V,2024,4,0.4,0.8,0.5,0.875,0.3609022556390977,0.1111111111111111
Danubio,Cerro Largo FC,2024-04-20,1,1,F,E,2024,4,0.2,0.4,0.25,0.375,0.46466809421841543,0.4166666666666667
Nacional,Rampla Juniors Futbol Club,2024-04-20,6,2,F,L,2024,4,0.4,0.2,0.5,0.14285714285714285,0.7081581160639192,0.8235294117647058
CA Fenix,Montevideo Wanderers,2024-04-21,1,2,F,V,2024,4,0.0,0.2,0.0,0.125,0.3742690058479532,0.36585365853658536
Deportivo Maldonado,Miramar Misiones,2024-04-21,1,2,F,V,2024,4,0.2,0.0,0.25,0.0,0.3488372093023256,1.0
River Plate,CA Progreso,2024-04-21,2,2,F,E,2024,4,0.2,0.6,0.375,0.75,0.4198717948717949,0.391304347826087
Rampla Juniors Futbol Club,Defensor Sporting,2024-04-24,2,1,F,L,2024,4,0.2,0.4,0.125,0.5,0.4361111111111111,0.4126984126984127
Cerro Largo FC,Boston River,2024-04-27,2,0,F,L,2024,4,0.2,0.2,0.3333333333333333,0.4444444444444444,0.4153846153846154,0.2
Rampla Juniors Futbol Club,Deportivo Maldonado,2024-04-27,1,1,F,E,2024,4,0.4,0.2,0.2222222222222222,0.2222222222222222,0.4368932038834951,1.0
CA Cerro,Nacional,2024-04-28,1,2,F,V,2024,4,0.2,0.6,0.1111111111111111,0.5555555555555556,0.43661971830985913,0.2571428571428571
CA Progreso,Liverpool,2024-04-28,2,1,F,L,2024,4,0.6,0.4,0.6666666666666666,0.2222222222222222,0.3558282208588957,0.3157894736842105
Miramar Misiones,Danubio,2024-04-28,3,5,F,V,2024,4,0.2,0.0,0.1111111111111111,0.2222222222222222,0.305019305019305,0.23076923076923078
Defensor Sporting,Montevideo Wanderers,2024-04-29,2,2,F,E,2024,4,0.4,0.4,0.4444444444444444,0.2222222222222222,0.48424842484248426,0.4642857142857143
Racing Club,CA Fenix,2024-04-29,2,0,F,L,2024,4,0.4,0.0,0.3333333333333333,0.0,0.3678571428571429,0.5217391304347826
CA Penarol,River Plate,2024-04-30,3,0,F,L,2024,4,0.8,0.2,0.8888888888888888,0.3333333333333333,0.6868686868686869,0.6436781609195402
Danubio,Rampla Juniors Futbol Club,2024-05-03,1,1,F,E,2024,5,0.2,0.2,0.3,0.2,0.4641711229946524,0.5490196078431373
Liverpool,CA Penarol,2024-05-03,2,2,F,E,2024,5,0.4,0.8,0.2,0.9,0.4461538461538462,0.2375
Boston River,Miramar Misiones,2024-05-04,3,1,F,L,2024,5,0.2,0.2,0.4,0.1,0.3582089552238806,0.0
Montevideo Wanderers,CA Progreso,2024-05-04,2,0,F,L,2024,5,0.2,0.6,0.2,0.7,0.41851106639839036,0.6153846153846154
Nacional,Racing Club,2024-05-04,4,2,F,L,2024,5,0.8,0.6,0.6,0.4,0.7084033613445379,0.8727272727272727
CA Fenix,Defensor Sporting,2024-05-05,0,2,F,V,2024,5,0.0,0.2,0.0,0.4,0.3735408560311284,0.4473684210526316
Deportivo Maldonado,CA Cerro,2024-05-05,3,0,F,L,2024,5,0.0,0.2,0.2,0.1,0.3468208092485549,0.6666666666666666
River Plate,Cerro Largo FC,2024-05-05,2,3,F,V,2024,5,0.2,0.4,0.3,0.4,0.4194236926360726,0.5833333333333334
CA Cerro,Danubio,2024-05-11,2,0,F,L,2024,5,0.2,0.2,0.09090909090909091,0.2727272727272727,0.4361078546307151,0.4925373134328358
CA Penarol,Montevideo Wanderers,2024-05-11,1,0,F,L,2024,5,0.8,0.4,0.8181818181818182,0.2727272727272727,0.6871320437342304,0.6022727272727273
Miramar Misiones,River Plate,2024-05-11,0,0,F,E,2024,5,0.2,0.2,0.09090909090909091,0.2727272727272727,0.3038461538461538,0.3888888888888889
Nacional,CA Fenix,2024-05-11,1,4,F,V,2024,5,1.0,0.0,0.6363636363636364,0.0,0.7086481947942905,0.7073170731707317
Racing Club,Deportivo Maldonado,2024-05-11,0,1,F,V,2024,5,0.4,0.2,0.36363636363636365,0.2727272727272727,0.3689839572192513,0.6666666666666666
CA Progreso,Defensor Sporting,2024-05-12,1,4,F,V,2024,5,0.4,0.4,0.6363636363636364,0.45454545454545453,0.3577981651376147,0.24
Liverpool,Cerro Largo FC,2024-05-12,2,1,F,L,2024,5,0.4,0.6,0.18181818181818182,0.45454545454545453,0.4456641053787047,0.9090909090909091
Rampla Juniors Futbol Club,Boston River,2024-05-12,0,1,F,V,2024,5,0.2,0.2,0.18181818181818182,0.45454545454545453,0.4362880886426593,0.5
CA Fenix,CA Progreso,2024-05-18,1,0,F,L,2024,5,0.2,0.4,0.08333333333333333,0.5833333333333334,0.37281553398058254,0.5
Defensor Sporting,CA Penarol,2024-05-18,0,2,F,V,2024,5,0.4,0.8,0.5,0.8333333333333334,0.48381294964028776,0.21875
River Plate,Rampla Juniors Futbol Club,2024-05-18,0,2,F,V,2024,5,0.0,0.2,0.25,0.16666666666666666,0.4189765458422175,0.33962264150943394
Boston River,CA Cerro,2024-05-19,2,0,F,L,2024,5,0.4,0.2,0.5,0.16666666666666666,0.362962962962963,0.3333333333333333
Danubio,Racing Club,2024-05-19,0,1,F,V,2024,5,0.2,0.4,0.25,0.3333333333333333,0.4636752136752137,0.6060606060606061
Montevideo Wanderers,Cerro Largo FC,2024-05-19,1,0,F,L,2024,5,0.4,0.6,0.25,0.4166666666666667,0.4190954773869347,0.6666666666666666
Liverpool,Miramar Misiones,2024-05-20,2,1,F,L,2024,5,0.4,0.2,0.25,0.08333333333333333,0.44627192982456143,0.5294117647058824
Deportivo Maldonado,Nacional,2024-05-21,0,2,F,V,2024,5,0.4,0.8,0.3333333333333333,0.5833333333333334,0.3505747126436782,0.2727272727272727
CA Penarol,CA Progreso,2024-05-24,3,1,F,L,2024,5,0.8,0.2,0.8461538461538461,0.5384615384615384,0.6873949579831933,0.625
Racing Club,Boston River,2024-05-24,1,2,F,V,2024,5,0.4,0.6,0.38461538461538464,0.5384615384615384,0.3683274021352313,0.25
Liverpool,Rampla Juniors Futbol Club,2024-05-25,1,2,F,V,2024,5,0.4,0.4,0.3076923076923077,0.23076923076923078,0.44687842278203727,0.54
Miramar Misiones,Montevideo Wanderers,2024-05-25,2,0,F,L,2024,5,0.2,0.6,0.07692307692307693,0.3076923076923077,0.30268199233716475,0.35
Nacional,Danubio,2024-05-25,1,0,F,L,2024,5,0.8,0.2,0.6153846153846154,0.23076923076923078,0.7080536912751678,0.7088607594936709
CA Cerro,River Plate,2024-05-26,3,2,F,L,2024,5,0.2,0.0,0.15384615384615385,0.23076923076923078,0.43676814988290397,0.45614035087719296
Defensor Sporting,Cerro Largo FC,2024-05-26,3,1,F,L,2024,5,0.4,0.4,0.46153846153846156,0.38461538461538464,0.4833782569631626,0.5833333333333334
Deportivo Maldonado,CA Fenix,2024-05-26,0,1,F,V,2024,5,0.4,0.4,0.3076923076923077,0.15384615384615385,0.3485714285714286,0.2222222222222222
Montevideo Wanderers,Rampla Juniors Futbol Club,2024-06-01,2,1,F,L,2024,6,0.4,0.4,0.2857142857142857,0.2857142857142857,0.41967871485943775,0.5423728813559322
CA Fenix,CA Penarol,2024-06-02,0,1,F,V,2024,6,0.6,0.8,0.21428571428571427,0.8571428571428571,0.374031007751938,0.1891891891891892
Defensor Sporting,Miramar Misiones,2024-06-02,3,0,F,L,2024,6,0.6,0.2,0.5,0.14285714285714285,0.4838420107719928,0.7
River Plate,Racing Club,2024-06-02,3,3,F,E,2024,6,0.0,0.4,0.21428571428571427,0.35714285714285715,0.4185303514376997,0.5128205128205128
Danubio,Deportivo Maldonado,2024-06-03,1,1,F,E,2024,6,0.2,0.4,0.21428571428571427,0.2857142857142857,0.4631803628601921,0.2857142857142857
Liverpool,CA Cerro,2024-06-03,0,3,F,V,2024,6,0.4,0.4,0.2857142857142857,0.21428571428571427,0.44638949671772427,0.4406779661016949
CA Progreso,Cerro Largo FC,2024-06-04,0,1,F,V,2024,6,0.2,0.4,0.5,0.35714285714285715,0.3567073170731707,0.0
Boston River,Nacional,2024-06-05,1,3,F,V,2024,6,0.8,0.8,0.5714285714285714,0.6428571428571429,0.36764705882352944,0.3333333333333333
Liverpool,Miramar Misiones,2024-06-08,0,1,F,V,2024,6,0.4,0.2,0.26666666666666666,0.13333333333333333,0.4459016393442623,0.5555555555555556
Montevideo Wanderers,CA Penarol,2024-06-08,2,0,F,L,2024,6,0.6,0.8,0.3333333333333333,0.8666666666666667,0.4202607823470411,0.19047619047619047
Racing Club,CA Fenix,2024-06-08,2,1,F,L,2024,6,0.2,0.6,0.3333333333333333,0.2,0.36767317939609234,0.5416666666666666
CA Cerro,Nacional,2024-06-09,3,0,F,L,2024,6,0.6,0.8,0.26666666666666666,0.6666666666666666,0.43742690058479533,0.2535211267605634
CA Progreso,River Plate,2024-06-09,1,0,F,L,2024,6,0.0,0.0,0.4666666666666667,0.2,0.3556231003039514,0.5652173913043478
Cerro Largo FC,Danubio,2024-06-09,2,2,F,E,2024,6,0.4,0.0,0.4,0.2,0.41836734693877553,0.45454545454545453
Deportivo Maldonado,Defensor Sporting,2024-06-09,0,2,F,V,2024,6,0.4,0.8,0.26666666666666666,0.5333333333333333,0.3465909090909091,0.45454545454545453
Rampla Juniors Futbol Club,Boston River,2024-06-11,1,1,F,E,2024,6,0.4,0.8,0.26666666666666666,0.5333333333333333,0.43568464730290457,0.4
Miramar Misiones,CA Cerro,2024-06-15,1,0,F,L,2024,6,0.4,0.8,0.1875,0.3125,0.3053435114503817,0.26666666666666666
Nacional,Liverpool,2024-06-15,2,1,F,L,2024,6,0.6,0.4,0.625,0.25,0.7082984073763621,0.7435897435897436
River Plate,Deportivo Maldonado,2024-06-15,1,1,F,E,2024,6,0.0,0.2,0.1875,0.25,0.41808510638297874,0.25
CA Fenix,Montevideo Wanderers,2024-06-16,3,1,F,L,2024,6,0.6,0.6,0.1875,0.375,0.3733075435203095,0.35714285714285715
CA Penarol,Racing Club,2024-06-16,1,1,F,E,2024,6,0.8,0.4,0.8125,0.375,0.6876574307304786,0.78
Danubio,Rampla Juniors Futbol Club,2024-06-16,2,0,F,L,2024,6,0.0,0.4,0.1875,0.25,0.4626865671641791,0.5384615384615384
Defensor Sporting,CA Progreso,2024-06-16,1,1,F,E,2024,6,0.8,0.2,0.5625,0.5,0.484304932735426,0.5217391304347826
Boston River,Cerro Largo FC,2024-06-17,0,2,F,V,2024,6,0.6,0.2,0.5,0.375,0.36496350364963503,0.6666666666666666
CA Cerro,Danubio,2024-06-22,0,0,F,E,2024,6,0.6,0.2,0.29411764705882354,0.23529411764705882,0.4380841121495327,0.5
CA Progreso,CA Penarol,2024-06-22,0,2,F,V,2024,6,0.2,0.6,0.47058823529411764,0.7647058823529411,0.3575757575757576,0.15384615384615385
Deportivo Maldonado,CA Fenix,2024-06-22,1,3,F,V,2024,6,0.0,0.6,0.23529411764705882,0.23529411764705882,0.3446327683615819,0.2
Racing Club,Defensor Sporting,2024-06-22,0,1,F,V,2024,6,0.4,0.6,0.35294117647058826,0.5294117647058824,0.36879432624113473,0.22916666666666666
Cerro Largo FC,Nacional,2024-06-23,0,4,F,V,2024,6,0.4,0.8,0.4117647058823529,0.6470588235294118,0.41624365482233505,0.08333333333333333
Liverpool,Boston River,2024-06-23,1,0,F,L,2024,6,0.2,0.4,0.23529411764705882,0.47058823529411764,0.44541484716157204,0.375
Montevideo Wanderers,River Plate,2024-06-23,1,3,F,V,2024,6,0.6,0.0,0.35294117647058826,0.17647058823529413,0.42084168336673344,0.2714285714285714
Rampla Juniors Futbol Club,Miramar Misiones,2024-06-23,1,2,F,V,2024,6,0.4,0.6,0.23529411764705882,0.23529411764705882,0.4350828729281768,0.47058823529411764
Boston River,CA Cerro,2024-07-06,2,0,F,L,2024,7,0.2,0.6,0.4444444444444444,0.2777777777777778,0.36231884057971014,0.42857142857142855
CA Penarol,Deportivo Maldonado,2024-07-06,1,1,F,E,2024,7,0.6,0.0,0.7777777777777778,0.2222222222222222,0.6870805369127517,0.7777777777777778
Cerro Largo FC,Liverpool,2024-07-06,1,0,F,L,2024,7,0.4,0.2,0.3888888888888889,0.2777777777777778,0.41414141414141414,0.5
CA Fenix,River Plate,2024-07-07,1,0,F,L,2024,7,0.6,0.2,0.2777777777777778,0.2222222222222222,0.3745173745173745,0.20833333333333334
CA Progreso,Racing Club,2024-07-07,3,2,F,L,2024,7,0.2,0.2,0.4444444444444444,0.3333333333333333,0.3564954682779456,0.5
Defensor Sporting,Montevideo Wanderers,2024-07-07,1,1,F,E,2024,7,0.8,0.4,0.5555555555555556,0.3333333333333333,0.4838709677419355,0.4588235294117647
Nacional,Rampla Juniors Futbol Club,2024-07-07,1,1,F,E,2024,7,0.8,0.2,0.6666666666666666,0.2222222222222222,0.7085427135678392,0.8260869565217391
Miramar Misiones,Danubio,2024-07-08,2,3,F,V,2024,7,0.8,0.2,0.2777777777777778,0.2222222222222222,0.30798479087452474,0.21428571428571427
Boston River,Miramar Misiones,2024-07-13,2,1,F,L,2024,7,0.2,0.6,0.47368421052631576,0.2631578947368421,0.3669064748201439,1.0
Danubio,Nacional,2024-07-13,0,6,F,V,2024,7,0.4,0.6,0.2631578947368421,0.631578947368421,0.46325878594249204,0.32558139534883723
Deportivo Maldonado,Racing Club,2024-07-13,1,1,F,E,2024,7,0.0,0.2,0.21052631578947367,0.3157894736842105,0.34269662921348315,0.5
Rampla Juniors Futbol Club,Liverpool,2024-07-13,3,2,F,L,2024,7,0.0,0.2,0.21052631578947367,0.2631578947368421,0.43448275862068964,0.4489795918367347
CA Cerro,Cerro Largo FC,2024-07-14,0,1,F,V,2024,7,0.4,0.6,0.2631578947368421,0.42105263157894735,0.43757292882147025,0.1111111111111111
CA Fenix,Defensor Sporting,2024-07-14,1,2,F,V,2024,7,0.6,0.6,0.3157894736842105,0.5263157894736842,0.37572254335260113,0.4358974358974359
Montevideo Wanderers,CA Progreso,2024-07-14,4,2,F,L,2024,7,0.4,0.4,0.3157894736842105,0.47368421052631576,0.42042042042042044,0.6296296296296297
River Plate,CA Penarol,2024-07-14,1,3,F,V,2024,7,0.2,0.4,0.21052631578947367,0.7368421052631579,0.41764080765143463,0.26666666666666666
Cerro Largo FC,Rampla Juniors Futbol Club,2024-07-20,0,1,F,V,2024,7,0.6,0.2,0.45,0.25,0.41708542713567837,0.6
Defensor Sporting,River Plate,2024-07-20,0,1,F,V,2024,7,0.6,0.2,0.55,0.2,0.4834377797672337,0.4625
Nacional,Miramar Misiones,2024-07-20,4,0,F,L,2024,7,0.6,0.6,0.65,0.25,0.7079497907949791,0.8421052631578947
Racing Club,Montevideo Wanderers,2024-07-20,0,1,F,V,2024,7,0.2,0.4,0.3,0.35,0.368141592920354,0.30952380952380953
Boston River,Danubio,2024-07-21,1,2,F,V,2024,7,0.4,0.4,0.5,0.25,0.37142857142857144,0.3
CA Penarol,CA Fenix,2024-07-21,2,0,F,L,2024,7,0.4,0.6,0.75,0.3,0.6865046102263203,0.7954545454545454
CA Progreso,Deportivo Maldonado,2024-07-21,0,1,F,V,2024,7,0.4,0.0,0.45,0.2,0.35843373493975905,0.6666666666666666
Liverpool,CA Cerro,2024-07-21,0,1,F,V,2024,7,0.2,0.2,0.25,0.25,0.44601962922573607,0.43333333333333335
CA Fenix,CA Progreso,2024-07-27,1,1,F,E,2024,7,0.6,0.2,0.2857142857142857,0.42857142857142855,0.375,0.5454545454545454
CA Penarol,Defensor Sporting,2024-07-27,1,0,F,L,2024,7,0.6,0.4,0.7619047619047619,0.5238095238095238,0.6867671691792295,0.6944444444444444
Miramar Misiones,Cerro Largo FC,2024-07-27,0,0,F,E,2024,7,0.4,0.6,0.23809523809523808,0.42857142857142855,0.3068181818181818,0.5
Montevideo Wanderers,Deportivo Maldonado,2024-07-27,1,0,F,L,2024,7,0.4,0.2,0.38095238095238093,0.23809523809523808,0.421,0.14285714285714285
CA Cerro,Rampla Juniors Futbol Club,2024-07-28,4,1,F,L,2024,7,0.2,0.4,0.2857142857142857,0.2857142857142857,0.4370629370629371,0.46938775510204084
Danubio,Liverpool,2024-07-28,2,0,F,L,2024,7,0.6,0.2,0.2857142857142857,0.23809523809523808,0.4627659574468085,0.46153846153846156
Nacional,Boston River,2024-07-28,1,0,F,L,2024,7,0.8,0.4,0.6666666666666666,0.47619047619047616,0.7081939799331104,0.7777777777777778
River Plate,Racing Club,2024-07-29,2,2,F,E,2024,7,0.4,0.0,0.23809523809523808,0.2857142857142857,0.4171974522292994,0.5
Nacional,CA Penarol,2024-08-04,1,1,F,E,2024,8,0.8,0.8,0.6818181818181818,0.7727272727272727,0.70843776106934,0.41818181818181815
CA Penarol,Cerro Largo FC,2024-08-17,0,0,F,E,2024,8,0.6,0.4,0.7391304347826086,0.4090909090909091,0.6870292887029289,0.6666666666666666
Liverpool,Racing Club,2024-08-17,1,1,F,E,2024,8,0.2,0.0,0.22727272727272727,0.2727272727272727,0.4455337690631808,0.43902439024390244
Montevideo Wanderers,CA Cerro,2024-08-17,1,0,F,L,2024,8,0.6,0.4,0.4090909090909091,0.3181818181818182,0.42157842157842157,0.4482758620689655
Boston River,Deportivo Maldonado,2024-08-18,1,0,F,L,2024,8,0.4,0.2,0.45454545454545453,0.22727272727272727,0.36879432624113473,1.0
CA Progreso,Miramar Misiones,2024-08-18,0,0,F,E,2024,8,0.2,0.2,0.4090909090909091,0.22727272727272727,0.35735735735735735,0.3333333333333333
Danubio,CA Fenix,2024-08-18,1,0,F,L,2024,8,0.6,0.4,0.3181818181818182,0.2727272727272727,0.463336875664187,0.5714285714285714
River Plate,Nacional,2024-08-18,3,3,F,E,2024,8,0.4,0.6,0.22727272727272727,0.6521739130434783,0.41675503711558853,0.2857142857142857
Defensor Sporting,Rampla Juniors Futbol Club,2024-08-19,1,2,F,V,2024,8,0.4,0.4,0.5,0.2727272727272727,0.48300536672629696,0.5757575757575758
CA Cerro,Defensor Sporting,2024-09-07,1,1,F,E,2024,9,0.4,0.2,0.30434782608695654,0.4782608695652174,0.43771827706635624,0.3582089552238806
Miramar Misiones,CA Penarol,2024-09-07,1,2,F,V,2024,9,0.0,0.6,0.21739130434782608,0.7083333333333334,0.30566037735849055,0.21052631578947367
Racing Club,Montevideo Wanderers,2024-09-07,0,1,F,V,2024,9,0.0,0.8,0.2608695652173913,0.43478260869565216,0.3674911660777385,0.3023255813953488
CA Fenix,Cerro Largo FC,2024-09-08,1,0,F,L,2024,9,0.2,0.4,0.2608695652173913,0.391304347826087,0.3742802303262956,0.5454545454545454
Danubio,Boston River,2024-09-08,2,0,F,L,2024,9,0.8,0.6,0.34782608695652173,0.4782608695652174,0.46390658174097665,0.25
Deportivo Maldonado,River Plate,2024-09-08,0,1,F,V,2024,9,0.2,0.2,0.21739130434782608,0.21739130434782608,0.3407821229050279,0.5
Nacional,Liverpool,2024-09-08,1,0,F,L,2024,9,0.6,0.0,0.625,0.21739130434782608,0.7078464106844741,0.7468354430379747
Rampla Juniors Futbol Club,CA Progreso,2024-09-08,2,0,F,L,2024,9,0.6,0.2,0.30434782608695654,0.391304347826087,0.43526170798898073,0.4
CA Progreso,CA Cerro,2024-09-14,0,1,F,V,2024,9,0.0,0.4,0.375,0.2916666666666667,0.3562874251497006,0.5
Cerro Largo FC,Miramar Misiones,2024-09-14,1,2,F,V,2024,9,0.2,0.0,0.375,0.20833333333333334,0.415,0.0
Defensor Sporting,Racing Club,2024-09-14,1,2,F,V,2024,9,0.2,0.0,0.4583333333333333,0.25,0.48257372654155495,0.6153846153846154
CA Penarol,Rampla Juniors Futbol Club,2024-09-15,4,0,F,L,2024,9,0.6,0.8,0.72,0.3333333333333333,0.6864548494983278,0.6956521739130435
Danubio,River Plate,2024-09-15,3,0,F,L,2024,9,0.8,0.4,0.375,0.25,0.46447507953340406,0.38333333333333336
Deportivo Maldonado,Liverpool,2024-09-15,0,1,F,V,2024,9,0.2,0.0,0.20833333333333334,0.20833333333333334,0.3388888888888889,0.25
Montevideo Wanderers,Nacional,2024-09-16,0,2,F,V,2024,9,1.0,0.6,0.4583333333333333,0.64,0.4221556886227545,0.20481927710843373
Boston River,CA Fenix,2024-09-17,2,0,F,L,2024,9,0.4,0.2,0.4583333333333333,0.2916666666666667,0.3732394366197183,0.0
Deportivo Maldonado,Montevideo Wanderers,2024-09-21,1,3,F,V,2024,9,0.2,0.8,0.2,0.44,0.3370165745856354,0.4
Racing Club,CA Progreso,2024-09-21,1,0,F,L,2024,9,0.2,0.0,0.28,0.36,0.36684303350970016,0.75
Rampla Juniors Futbol Club,Cerro Largo FC,2024-09-21,2,0,F,L,2024,9,0.6,0.0,0.32,0.36,0.4360385144429161,0.2
Boston River,River Plate,2024-09-22,3,1,F,L,2024,9,0.4,0.4,0.48,0.24,0.3776223776223776,0.2222222222222222
CA Fenix,Miramar Misiones,2024-09-22,0,0,F,E,2024,9,0.2,0.2,0.28,0.24,0.37547892720306514,0.7777777777777778
Danubio,Liverpool,2024-09-22,1,0,F,L,2024,9,1.0,0.2,0.4,0.24,0.4650423728813559,0.4696969696969697
Nacional,Defensor Sporting,2024-09-22,1,1,F,E,2024,9,0.6,0.0,0.6538461538461539,0.44,0.7080900750625522,0.6476190476190476
CA Cerro,CA Penarol,2024-09-23,0,5,F,V,2024,9,0.6,0.6,0.32,0.7307692307692307,0.4372093023255814,0.17391304347826086
Cerro Largo FC,CA Cerro,2024-09-28,3,1,F,L,2024,9,0.0,0.4,0.34615384615384615,0.3076923076923077,0.4129353233830846,0.6363636363636364
Miramar Misiones,Rampla Juniors Futbol Club,2024-09-28,0,0,F,E,2024,9,0.2,0.6,0.23076923076923078,0.34615384615384615,0.30451127819548873,0.3125
Defensor Sporting,Deportivo Maldonado,2024-09-29,3,1,F,L,2024,9,0.0,0.0,0.4230769230769231,0.19230769230769232,0.48214285714285715,0.625
Liverpool,Boston River,2024-09-29,1,1,F,E,2024,9,0.2,0.6,0.23076923076923078,0.5,0.44504896626768226,0.4444444444444444
Montevideo Wanderers,Danubio,2024-09-29,2,2,F,E,2024,9,0.8,1.0,0.46153846153846156,0.4230769230769231,0.4217347956131605,0.3230769230769231
River Plate,CA Fenix,2024-09-29,4,3,F,L,2024,9,0.2,0.2,0.23076923076923078,0.2692307692307692,0.4163135593220339,0.3448275862068966
CA Progreso,Nacional,2024-09-30,0,3,F,V,2024,9,0.0,0.4,0.34615384615384615,0.6296296296296297,0.35522388059701493,0.25
CA Penarol,Racing Club,2024-10-01,0,0,F,E,2024,10,0.6,0.4,0.7407407407407407,0.3076923076923077,0.6867167919799498,0.7647058823529411
River Plate,Liverpool,2024-10-04,1,1,F,E,2024,10,0.4,0.2,0.25925925925925924,0.2222222222222222,0.41693121693121693,0.38333333333333336
Boston River,Montevideo Wanderers,2024-10-05,3,2,F,L,2024,10,0.6,0.6,0.48148148148148145,0.4444444444444444,0.3819444444444444,0.0
CA Cerro,Miramar Misiones,2024-10-05,0,1,F,V,2024,10,0.2,0.2,0.2962962962962963,0.2222222222222222,0.4367015098722416,0.375
Danubio,Defensor Sporting,2024-10-05,1,1,F,E,2024,10,0.8,0.2,0.4074074074074074,0.4444444444444444,0.4656084656084656,0.33766233766233766
Racing Club,Cerro Largo FC,2024-10-05,0,0,F,E,2024,10,0.4,0.2,0.2962962962962963,0.37037037037037035,0.36795774647887325,0.5
CA Fenix,Rampla Juniors Futbol Club,2024-10-06,1,0,F,L,2024,10,0.2,0.6,0.25925925925925924,0.3333333333333333,0.37476099426386233,0.5909090909090909
Deportivo Maldonado,CA Progreso,2024-10-06,2,2,F,E,2024,10,0.0,0.0,0.18518518518518517,0.3333333333333333,0.33516483516483514,0.6666666666666666
Nacional,CA Penarol,2024-10-06,2,1,F,L,2024,10,0.6,0.6,0.6428571428571429,0.7142857142857143,0.7075,0.4144144144144144
Liverpool,CA Fenix,2024-10-11,1,2,F,V,2024,10,0.2,0.4,0.21428571428571427,0.2857142857142857,0.44456521739130433,0.5483870967741935
CA Penarol,Deportivo Maldonado,2024-10-12,2,0,F,L,2024,10,0.6,0.0,0.6896551724137931,0.17857142857142858,0.6861435726210351,0.7
CA Progreso,Danubio,2024-10-12,0,0,F,E,2024,10,0.0,0.6,0.32142857142857145,0.39285714285714285,0.3541666666666667,0.375
Defensor Sporting,Boston River,2024-10-12,1,2,F,V,2024,10,0.2,0.6,0.42857142857142855,0.5,0.4826048171275647,0.4444444444444444
Rampla Juniors Futbol Club,CA Cerro,2024-10-12,1,1,F,E,2024,10,0.4,0.2,0.32142857142857145,0.2857142857142857,0.4368131868131868,0.3829787234042553
Cerro Largo FC,Nacional,2024-10-13,0,1,F,V,2024,10,0.2,0.8,0.35714285714285715,0.6551724137931034,0.4158415841584158,0.07692307692307693
Miramar Misiones,Racing Club,2024-10-13,2,2,F,E,2024,10,0.4,0.4,0.25,0.2857142857142857,0.30337078651685395,0.25
Montevideo Wanderers,River Plate,2024-10-13,0,1,F,V,2024,10,0.4,0.4,0.42857142857142855,0.25,0.4213147410358566,0.2676056338028169
Liverpool,Montevideo Wanderers,2024-10-15,1,1,F,E,2024,10,0.2,0.2,0.20689655172413793,0.41379310344827586,0.44408251900108575,0.45454545454545453
Boston River,CA Progreso,2024-10-16,1,0,F,L,2024,10,0.8,0.0,0.5172413793103449,0.3103448275862069,0.38620689655172413,0.16666666666666666
Danubio,CA Penarol,2024-10-16,0,1,F,V,2024,10,0.4,0.6,0.3793103448275862,0.7,0.46511627906976744,0.26666666666666666
Racing Club,Rampla Juniors Futbol Club,2024-10-16,2,1,F,L,2024,10,0.4,0.2,0.27586206896551724,0.3103448275862069,0.36731107205623903,0.45
CA Fenix,CA Cerro,2024-10-17,1,3,F,V,2024,10,0.4,0.2,0.3103448275862069,0.27586206896551724,0.37595419847328243,0.4
Cerro Largo FC,Deportivo Maldonado,2024-10-17,1,0,F,L,2024,10,0.2,0.0,0.3448275862068966,0.1724137931034483,0.41379310344827586,0.4
River Plate,Defensor Sporting,2024-10-17,0,1,F,V,2024,10,0.4,0.2,0.27586206896551724,0.41379310344827586,0.4164904862579281,0.34146341463414637
Nacional,Miramar Misiones,2024-10-18,5,1,F,L,2024,10,0.8,0.4,0.6666666666666666,0.2413793103448276,0.7077435470441299,0.85
CA Progreso,River Plate,2024-10-19,2,0,F,L,2024,10,0.0,0.4,0.3,0.26666666666666666,0.35311572700296734,0.5833333333333334
CA Cerro,Racing Club,2024-10-20,1,1,F,E,2024,10,0.2,0.4,0.3,0.3,0.4361948955916473,0.5128205128205128
CA Penarol,Boston River,2024-10-20,2,0,F,L,2024,10,0.6,0.8,0.7096774193548387,0.5333333333333333,0.6864053377814846,0.9090909090909091
Cerro Largo FC,Danubio,2024-10-20,0,0,F,E,2024,10,0.4,0.2,0.36666666666666664,0.36666666666666664,0.4166666666666667,0.4166666666666667
Rampla Juniors Futbol Club,Nacional,2024-10-20,2,1,F,L,2024,10,0.2,0.8,0.3,0.6774193548387096,0.43621399176954734,0.2222222222222222
Miramar Misiones,Deportivo Maldonado,2024-10-21,1,0,F,L,2024,10,0.2,0.0,0.23333333333333334,0.16666666666666666,0.30223880597014924,0.5
Montevideo Wanderers,CA Fenix,2024-10-21,1,2,F,V,2024,10,0.2,0.4,0.4,0.3,0.4208955223880597,0.34210526315789475
Defensor Sporting,Liverpool,2024-10-22,2,1,F,L,2024,10,0.4,0.0,0.43333333333333335,0.2,0.482174688057041,0.4805194805194805
Deportivo Maldonado,Rampla Juniors Futbol Club,2024-11-01,1,1,F,E,2024,11,0.0,0.2,0.16129032258064516,0.3225806451612903,0.3333333333333333,1.0
Danubio,Miramar Misiones,2024-11-02,1,0,F,L,2024,11,0.0,0.4,0.3548387096774194,0.25806451612903225,0.46462513199577615,0.7647058823529411
Nacional,CA Cerro,2024-11-02,2,0,F,L,2024,11,0.8,0.2,0.65625,0.2903225806451613,0.7079866888519135,0.7866666666666666
Boston River,Cerro Largo FC,2024-11-03,3,0,F,L,2024,11,0.6,0.4,0.5161290322580645,0.3548387096774194,0.3904109589041096,0.5714285714285714
CA Fenix,Racing Club,2024-11-03,0,2,F,V,2024,11,0.6,0.2,0.3225806451612903,0.2903225806451613,0.37523809523809526,0.391304347826087
Liverpool,CA Progreso,2024-11-03,2,1,F,L,2024,11,0.0,0.2,0.1935483870967742,0.3225806451612903,0.4436008676789588,0.47058823529411764
River Plate,CA Penarol,2024-11-03,0,1,F,V,2024,11,0.4,0.6,0.25806451612903225,0.71875,0.4160506863780359,0.2631578947368421
Montevideo Wanderers,Defensor Sporting,2024-11-04,1,1,F,E,2024,11,0.0,0.6,0.3870967741935484,0.45161290322580644,0.42047713717693835,0.35
CA Cerro,Deportivo Maldonado,2024-11-08,0,0,F,E,2024,11,0.2,0.0,0.28125,0.15625,0.43568945538818077,0.25
CA Penarol,Liverpool,2024-11-09,2,0,F,L,2024,11,0.8,0.2,0.7272727272727273,0.21875,0.6866666666666666,0.7792207792207793
Cerro Largo FC,River Plate,2024-11-09,1,0,F,L,2024,11,0.2,0.2,0.34375,0.25,0.4146341463414634,0.23076923076923078
Racing Club,Nacional,2024-11-09,0,2,F,V,2024,11,0.4,0.8,0.3125,0.6666666666666666,0.3684210526315789,0.14893617021276595
Rampla Juniors Futbol Club,Danubio,2024-11-09,0,2,F,V,2024,11,0.2,0.2,0.3125,0.375,0.436986301369863,0.4222222222222222
CA Progreso,Montevideo Wanderers,2024-11-10,0,0,F,E,2024,11,0.2,0.0,0.3125,0.375,0.35502958579881655,0.30434782608695654
Defensor Sporting,CA Fenix,2024-11-10,1,0,F,L,2024,11,0.4,0.6,0.4375,0.3125,0.4826357969723954,0.5
Miramar Misiones,Boston River,2024-11-10,1,0,F,L,2024,11,0.4,0.8,0.25,0.53125,0.3048327137546468,0.0
Deportivo Maldonado,Racing Club,2024-11-12,0,1,F,V,2024,11,0.0,0.4,0.15151515151515152,0.30303030303030304,0.33152173913043476,0.4
CA Fenix,Nacional,2024-11-13,0,6,F,V,2024,11,0.4,0.8,0.30303030303030304,0.6764705882352942,0.3745247148288973,0.075
Cerro Largo FC,Liverpool,2024-11-13,0,0,F,E,2024,11,0.4,0.2,0.36363636363636365,0.21212121212121213,0.4174757281553398,0.5333333333333333
River Plate,Miramar Misiones,2024-11-13,0,0,F,E,2024,11,0.2,0.4,0.24242424242424243,0.2727272727272727,0.41561181434599154,0.6470588235294118
Boston River,Rampla Juniors Futbol Club,2024-11-14,1,0,F,L,2024,11,0.6,0.2,0.5151515151515151,0.30303030303030304,0.3945578231292517,0.5
Danubio,CA Cerro,2024-11-14,0,0,F,E,2024,11,0.4,0.2,0.3939393939393939,0.2727272727272727,0.4651898734177215,0.47761194029850745
Defensor Sporting,CA Progreso,2024-11-14,3,0,F,L,2024,11,0.6,0.2,0.45454545454545453,0.30303030303030304,0.4830960854092527,0.5
Montevideo Wanderers,CA Penarol,2024-11-14,0,2,F,V,2024,11,0.0,1.0,0.36363636363636365,0.7352941176470589,0.4200595829195631,0.2
Nacional,Deportivo Maldonado,2024-11-16,5,2,F,L,2024,11,0.8,0.0,0.6857142857142857,0.14705882352941177,0.7082294264339152,0.7
CA Penarol,Defensor Sporting,2024-11-17,2,0,F,L,2024,11,1.0,0.8,0.7428571428571429,0.47058823529411764,0.6869275603663614,0.6972477064220184
Miramar Misiones,Liverpool,2024-11-17,2,2,F,E,2024,11,0.4,0.2,0.2647058823529412,0.20588235294117646,0.3074074074074074,0.4
Racing Club,Danubio,2024-11-17,0,0,F,E,2024,11,0.6,0.4,0.3235294117647059,0.38235294117647056,0.36777583187390545,0.38235294117647056
CA Cerro,Boston River,2024-11-18,0,0,F,E,2024,11,0.2,0.6,0.2647058823529412,0.5294117647058824,0.4351851851851852,0.4
CA Progreso,CA Fenix,2024-11-18,2,2,F,E,2024,11,0.2,0.2,0.29411764705882354,0.29411764705882354,0.35398230088495575,0.3333333333333333
Cerro Largo FC,Montevideo Wanderers,2024-11-19,4,0,F,L,2024,11,0.4,0.0,0.35294117647058826,0.35294117647058826,0.41545893719806765,0.25
Rampla Juniors Futbol Club,River Plate,2024-11-19,0,3,F,V,2024,11,0.2,0.0,0.29411764705882354,0.23529411764705882,0.4363885088919289,0.5
Montevideo Wanderers,Miramar Misiones,2024-11-26,2,0,F,L,2024,11,0.0,0.4,0.34285714285714286,0.2571428571428571,0.41964285714285715,0.4
Rampla Juniors Futbol Club,Liverpool,2024-11-26,0,1,F,V,2024,11,0.2,0.2,0.2857142857142857,0.2,0.43579234972677594,0.46
River Plate,CA Cerro,2024-11-26,1,0,F,L,2024,11,0.2,0.0,0.2571428571428571,0.2571428571428571,0.41517386722866173,0.48214285714285715
Boston River,Racing Club,2024-11-27,1,2,F,V,2024,11,0.4,0.4,0.5142857142857142,0.3142857142857143,0.39864864864864863,0.6
CA Fenix,Deportivo Maldonado,2024-11-27,1,2,F,V,2024,11,0.2,0.0,0.2857142857142857,0.14285714285714285,0.3738140417457306,0.4444444444444444
CA Progreso,CA Penarol,2024-11-27,1,5,F,V,2024,11,0.2,1.0,0.2857142857142857,0.75,0.35294117647058826,0.14814814814814814
Cerro Largo FC,Defensor Sporting,2024-11-27,3,0,F,L,2024,11,0.4,0.6,0.37142857142857144,0.45714285714285713,0.4182692307692308,0.09090909090909091
Danubio,Nacional,2024-11-28,0,0,F,E,2024,11,0.4,0.8,0.37142857142857144,0.6944444444444444,0.46469968387776606,0.3218390804597701
CA Cerro,Liverpool,2024-11-30,1,3,F,V,2024,11,0.0,0.4,0.25,0.2222222222222222,0.4346820809248555,0.578125
Cerro Largo FC,CA Progreso,2024-11-30,2,1,F,L,2024,11,0.6,0.0,0.3888888888888889,0.2777777777777778,0.42105263157894735,0.5
Miramar Misiones,Defensor Sporting,2024-11-30,0,0,F,E,2024,11,0.2,0.4,0.25,0.4444444444444444,0.3062730627306273,0.25
Rampla Juniors Futbol Club,Montevideo Wanderers,2024-11-30,1,1,F,E,2024,11,0.0,0.2,0.2777777777777778,0.3611111111111111,0.43519781718963163,0.5
CA Penarol,CA Fenix,2024-12-01,3,1,F,L,2024,12,1.0,0.0,0.7567567567567568,0.2777777777777778,0.6871880199667221,0.8
Nacional,Boston River,2024-12-01,3,1,F,L,2024,12,0.8,0.4,0.6756756756756757,0.5,0.7084717607973422,0.8
Racing Club,River Plate,2024-12-01,2,0,F,L,2024,12,0.6,0.4,0.3333333333333333,0.2777777777777778,0.36713286713286714,0.38461538461538464
Deportivo Maldonado,Danubio,2024-12-02,3,1,F,L,2024,12,0.2,0.4,0.16666666666666666,0.3611111111111111,0.32972972972972975,0.0
Cerro Largo FC,CA Juventud,2025-01-31,1,1,F,E,2025,1,0.8,0.2,0.0,0.0,0.4238095238095238,0.6
Danubio,Liverpool,2025-02-01,1,1,F,E,2025,2,0.2,0.4,0.0,0.0,0.46421052631578946,0.47761194029850745
Defensor Sporting,Boston River,2025-02-01,2,0,F,L,2025,2,0.4,0.2,0.0,0.0,0.48355555555555557,0.4
CA Progreso,CA Penarol,2025-02-02,1,3,F,V,2025,2,0.0,1.0,0.0,0.0,0.3519061583577713,0.14285714285714285
Miramar Misiones,Plaza Colonia,2025-02-02,0,1,F,V,2025,2,0.2,0.2,0.0,0.0,0.30514705882352944,0.3333333333333333
Torque FC,Nacional,2025-02-02,1,0,F,L,2025,2,0.6,0.8,0.0,0.0,0.3103448275862069,0.2
CA Cerro,River Plate,2025-02-03,1,1,F,E,2025,2,0.0,0.4,0.0,0.0,0.4341801385681293,0.46551724137931033
Montevideo Wanderers,Racing Club,2025-02-03,0,0,F,E,2025,2,0.2,0.6,0.0,0.0,0.42021803766105054,0.43478260869565216
Cerro Largo FC,CA Progreso,2025-02-07,4,1,F,L,2025,2,0.6,0.0,0.0,0.0,0.4218009478672986,0.6
Liverpool,Miramar Misiones,2025-02-08,2,1,F,L,2025,2,0.4,0.0,0.0,0.0,0.4442036836403034,0.5263157894736842
Plaza Colonia,Montevideo Wanderers,2025-02-08,2,0,F,L,2025,2,0.4,0.2,1.0,0.0,0.30434782608695654,0.38461538461538464
Racing Club,CA Cerro,2025-02-08,0,1,F,V,2025,2,0.6,0.0,0.0,0.0,0.3682373472949389,0.42424242424242425
River Plate,Defensor Sporting,2025-02-08,0,1,F,V,2025,2,0.4,0.4,0.0,1.0,0.41578947368421054,0.3373493975903614
Boston River,Torque FC,2025-02-09,0,0,F,E,2025,2,0.2,0.6,0.0,1.0,0.3959731543624161,0.4
CA Juventud,Danubio,2025-02-09,2,2,F,E,2025,2,0.2,0.0,0.0,0.0,0.2961165048543689,0.07142857142857142
Nacional,CA Penarol,2025-02-09,1,1,F,E,2025,2,0.6,1.0,0.0,1.0,0.7087136929460581,0.41964285714285715
CA Cerro,Plaza Colonia,2025-02-14,0,1,F,V,2025,2,0.2,0.6,0.5,1.0,0.43367935409457903,0.6
CA Penarol,Boston River,2025-02-15,1,1,F,E,2025,2,0.8,0.0,0.5,0.0,0.6874480465502909,0.9166666666666666
Danubio,Cerro Largo FC,2025-02-15,0,0,F,E,2025,2,0.0,0.8,0.0,0.5,0.4637223974763407,0.38461538461538464
Montevideo Wanderers,Liverpool,2025-02-15,1,1,F,E,2025,2,0.2,0.6,0.0,0.5,0.4198019801980198,0.5373134328358209
CA Progreso,Nacional,2025-02-16,1,5,F,V,2025,2,0.0,0.4,0.0,0.0,0.3508771929824561,0.24
Defensor Sporting,Racing Club,2025-02-16,2,0,F,L,2025,2,0.4,0.4,1.0,0.0,0.48401420959147423,0.6037735849056604
Miramar Misiones,CA Juventud,2025-02-16,1,2,F,V,2025,2,0.0,0.2,0.0,0.0,0.304029304029304,0.3333333333333333
Torque FC,River Plate,2025-02-17,2,1,F,L,2025,2,0.6,0.4,0.5,0.0,0.3181818181818182,0.2857142857142857
Racing Club,Torque FC,2025-02-21,3,1,F,L,2025,2,0.4,0.6,0.0,0.6666666666666666,0.367595818815331,0.5
Boston River,Nacional,2025-02-22,2,3,F,V,2025,2,0.0,0.4,0.0,0.3333333333333333,0.3933333333333333,0.3
Cerro Largo FC,Miramar Misiones,2025-02-22,3,2,F,L,2025,2,0.6,0.0,0.3333333333333333,0.0,0.42452830188679247,0.0
Liverpool,CA Cerro,2025-02-22,2,1,F,L,2025,2,0.6,0.2,0.3333333333333333,0.3333333333333333,0.4448051948051948,0.4262295081967213
CA Juventud,Montevideo Wanderers,2025-02-23,1,0,F,L,2025,2,0.2,0.2,0.3333333333333333,0.0,0.2946859903381642,0.15384615384615385
Danubio,CA Progreso,2025-02-23,1,1,F,E,2025,2,0.0,0.0,0.0,0.0,0.4632352941176471,0.5
Plaza Colonia,Defensor Sporting,2025-02-23,1,2,F,V,2025,2,0.8,0.6,1.0,1.0,0.3076923076923077,0.21428571428571427
River Plate,CA Penarol,2025-02-24,1,1,F,E,2025,2,0.2,0.6,0.0,0.3333333333333333,0.4153522607781283,0.2597402597402597
Defensor Sporting,Liverpool,2025-03-07,0,1,F,V,2025,3,0.8,0.6,1.0,0.5,0.484472049689441,0.48717948717948717
Torque FC,Plaza Colonia,2025-03-07,1,1,F,E,2025,3,0.4,0.8,0.5,0.75,0.3258426966292135,0.25
CA Cerro,CA Juventud,2025-03-08,2,1,F,L,2025,3,0.2,0.4,0.25,0.5,0.43317972350230416,0.6
CA Penarol,Racing Club,2025-03-09,0,2,F,V,2025,3,0.4,0.4,0.25,0.25,0.6868770764119602,0.75
CA Progreso,Boston River,2025-03-09,2,2,F,E,2025,3,0.0,0.0,0.0,0.0,0.3498542274052478,0.6
Nacional,River Plate,2025-03-09,3,3,F,E,2025,3,0.6,0.0,0.5,0.0,0.7081260364842454,0.7558139534883721
Miramar Misiones,Danubio,2025-03-10,1,0,F,L,2025,3,0.0,0.0,0.0,0.0,0.3029197080291971,0.2
Montevideo Wanderers,Cerro Largo FC,2025-03-11,3,0,F,L,2025,3,0.0,0.6,0.0,0.5,0.41938674579624136,0.6923076923076923
Liverpool,Torque FC,2025-03-15,4,1,F,L,2025,3,0.6,0.4,0.6,0.4,0.4454054054054054,0.6666666666666666
Plaza Colonia,CA Penarol,2025-03-15,1,0,F,L,2025,3,0.6,0.2,0.6,0.2,0.3062200956937799,0.14285714285714285
CA Juventud,Defensor Sporting,2025-03-16,2,1,F,L,2025,3,0.4,0.8,0.4,0.8,0.2980769230769231,0.23076923076923078
Danubio,Montevideo Wanderers,2025-03-16,2,2,F,E,2025,3,0.0,0.2,0.0,0.2,0.4627492130115425,0.4305555555555556
Miramar Misiones,CA Progreso,2025-03-16,1,1,F,E,2025,3,0.2,0.0,0.2,0.0,0.3054545454545455,0.5
Racing Club,Nacional,2025-03-16,0,1,F,V,2025,3,0.4,0.4,0.4,0.4,0.36869565217391304,0.14583333333333334
Cerro Largo FC,CA Cerro,2025-03-17,0,0,F,E,2025,3,0.4,0.4,0.4,0.4,0.4272300469483568,0.6666666666666666
River Plate,Boston River,2025-03-18,0,2,F,V,2025,3,0.0,0.0,0.0,0.0,0.41491596638655465,0.25
Torque FC,CA Juventud,2025-03-20,2,4,F,V,2025,3,0.2,0.6,0.3333333333333333,0.5,0.32222222222222224,0.0
CA Penarol,Liverpool,2025-03-21,0,3,F,V,2025,3,0.0,0.8,0.16666666666666666,0.6666666666666666,0.6863070539419087,0.782051282051282
Boston River,Racing Club,2025-03-22,1,3,F,V,2025,3,0.2,0.4,0.16666666666666666,0.3333333333333333,0.39072847682119205,0.5
Nacional,Plaza Colonia,2025-03-22,1,1,F,E,2025,3,0.6,0.6,0.5,0.6666666666666666,0.7075393537696769,0.7857142857142857
CA Cerro,Danubio,2025-03-23,1,1,F,E,2025,3,0.4,0.0,0.3333333333333333,0.0,0.43383199079401613,0.4927536231884058
CA Progreso,River Plate,2025-03-23,2,1,F,L,2025,3,0.0,0.0,0.0,0.0,0.3488372093023256,0.6
Defensor Sporting,Cerro Largo FC,2025-03-23,0,0,F,E,2025,3,0.6,0.4,0.6666666666666666,0.3333333333333333,0.48404255319148937,0.6153846153846154
Montevideo Wanderers,Miramar Misiones,2025-03-24,1,2,F,V,2025,3,0.2,0.2,0.16666666666666666,0.16666666666666666,0.4199604743083004,0.42857142857142855
Cerro Largo FC,Torque FC,2025-03-26,1,1,F,E,2025,3,0.2,0.2,0.2857142857142857,0.2857142857142857,0.4252336448598131,0.2
Liverpool,Nacional,2025-03-26,2,2,F,E,2025,3,0.8,0.6,0.7142857142857143,0.42857142857142855,0.44600431965442766,0.20253164556962025
Plaza Colonia,Boston River,2025-03-26,0,1,F,V,2025,3,0.4,0.2,0.5714285714285714,0.14285714285714285,0.30952380952380953,0.375
Racing Club,River Plate,2025-03-26,1,0,F,L,2025,3,0.6,0.0,0.42857142857142855,0.0,0.3680555555555556,0.4
CA Juventud,CA Penarol,2025-03-27,0,2,F,V,2025,3,0.8,0.0,0.5714285714285714,0.14285714285714285,0.3014354066985646,0.15384615384615385
Danubio,Defensor Sporting,2025-03-27,1,1,F,E,2025,3,0.0,0.4,0.0,0.5714285714285714,0.46226415094339623,0.3333333333333333
Montevideo Wanderers,CA Progreso,2025-03-27,1,1,F,E,2025,3,0.2,0.2,0.14285714285714285,0.14285714285714285,0.41954590325765057,0.6428571428571429
Miramar Misiones,CA Cerro,2025-03-28,1,1,F,E,2025,3,0.4,0.2,0.2857142857142857,0.2857142857142857,0.30434782608695654,0.3125
Boston River,Liverpool,2025-03-29,0,1,F,V,2025,3,0.4,0.8,0.25,0.625,0.3881578947368421,0.3333333333333333
River Plate,Plaza Colonia,2025-03-29,1,2,F,V,2025,3,0.0,0.2,0.0,0.5,0.4144805876180483,0.5
CA Progreso,Racing Club,2025-03-30,0,1,F,V,2025,3,0.2,0.8,0.125,0.5,0.3507246376811594,0.5555555555555556
Nacional,CA Juventud,2025-03-30,1,2,F,V,2025,3,0.4,0.6,0.375,0.5,0.706953642384106,0.6923076923076923
Torque FC,Danubio,2025-03-30,1,1,F,E,2025,3,0.0,0.0,0.25,0.0,0.31868131868131866,0.0
CA Penarol,Cerro Largo FC,2025-03-31,0,2,F,V,2025,3,0.2,0.2,0.25,0.25,0.685737976782753,0.6153846153846154
CA Cerro,Montevideo Wanderers,2025-04-01,2,1,F,L,2025,4,0.2,0.2,0.25,0.125,0.43333333333333335,0.5757575757575758
Defensor Sporting,Miramar Misiones,2025-04-01,2,0,F,L,2025,4,0.2,0.4,0.5,0.25,0.48361381753764393,0.7142857142857143
CA Juventud,Boston River,2025-04-05,4,1,F,L,2025,4,0.6,0.4,0.5555555555555556,0.2222222222222222,0.3,0.25
Danubio,CA Penarol,2025-04-05,0,1,F,V,2025,4,0.0,0.2,0.0,0.2222222222222222,0.4617801047120419,0.2631578947368421
Plaza Colonia,Racing Club,2025-04-05,0,1,F,V,2025,4,0.4,0.8,0.5555555555555556,0.5555555555555556,0.3080568720379147,0.3333333333333333
CA Cerro,CA Progreso,2025-04-06,0,0,F,E,2025,4,0.4,0.2,0.3333333333333333,0.1111111111111111,0.43398392652123996,0.36363636363636365
Cerro Largo FC,Nacional,2025-04-06,0,4,F,V,2025,4,0.2,0.2,0.3333333333333333,0.3333333333333333,0.4232558139534884,0.07142857142857142
Liverpool,River Plate,2025-04-06,0,0,F,E,2025,4,0.8,0.0,0.6666666666666666,0.0,0.44552319309600863,0.44776119402985076
Miramar Misiones,Torque FC,2025-04-07,0,1,F,V,2025,4,0.4,0.0,0.2222222222222222,0.2222222222222222,0.30324909747292417,0.0
Montevideo Wanderers,Defensor Sporting,2025-04-07,0,0,F,E,2025,4,0.2,0.2,0.1111111111111111,0.5555555555555556,0.41913214990138065,0.345679012345679
CA Penarol,Miramar Misiones,2025-04-12,4,2,F,L,2025,4,0.4,0.2,0.3,0.2,0.6851698425849213,0.7727272727272727
CA Progreso,Plaza Colonia,2025-04-12,1,1,F,E,2025,4,0.2,0.4,0.1,0.5,0.34971098265895956,0.0
Montevideo Wanderers,Torque FC,2025-04-12,0,0,F,E,2025,4,0.0,0.2,0.1,0.3,0.4187192118226601,0.42857142857142855
Boston River,Cerro Largo FC,2025-04-13,1,0,F,L,2025,4,0.4,0.2,0.2,0.3,0.38562091503267976,0.625
Nacional,Danubio,2025-04-13,2,0,F,L,2025,4,0.4,0.0,0.4,0.0,0.706368899917287,0.7125
Defensor Sporting,CA Cerro,2025-04-14,3,2,F,L,2025,4,0.2,0.2,0.5,0.3,0.484070796460177,0.5277777777777778
Racing Club,Liverpool,2025-04-14,1,1,F,E,2025,4,0.8,0.6,0.6,0.6,0.36915077989601386,0.43243243243243246
River Plate,CA Juventud,2025-04-14,1,0,F,L,2025,4,0.0,0.8,0.0,0.6,0.4140461215932914,0.8
Cerro Largo FC,River Plate,2025-04-18,1,0,F,L,2025,4,0.2,0.2,0.2727272727272727,0.09090909090909091,0.4212962962962963,0.2857142857142857
Danubio,Boston River,2025-04-18,1,2,F,V,2025,4,0.0,0.4,0.0,0.2727272727272727,0.46129707112970714,0.3333333333333333
Miramar Misiones,Nacional,2025-04-18,1,3,F,V,2025,4,0.2,0.4,0.18181818181818182,0.45454545454545453,0.302158273381295,0.18181818181818182
CA Juventud,Racing Club,2025-04-19,1,0,F,L,2025,4,0.6,0.8,0.5454545454545454,0.5454545454545454,0.3033175355450237,0.3333333333333333
Montevideo Wanderers,CA Penarol,2025-04-19,1,2,F,V,2025,4,0.0,0.6,0.09090909090909091,0.36363636363636365,0.4183070866141732,0.19767441860465115
CA Cerro,Torque FC,2025-04-20,1,2,F,V,2025,4,0.2,0.2,0.2727272727272727,0.2727272727272727,0.4334862385321101,0.0
Liverpool,Plaza Colonia,2025-04-20,1,0,F,L,2025,4,0.4,0.2,0.5454545454545454,0.45454545454545453,0.44504310344827586,0.5714285714285714
Defensor Sporting,CA Progreso,2025-04-21,1,2,F,V,2025,4,0.4,0.2,0.5454545454545454,0.09090909090909091,0.484526967285588,0.52
Plaza Colonia,CA Juventud,2025-04-26,0,0,F,E,2025,4,0.2,0.6,0.4166666666666667,0.5833333333333334,0.30660377358490565,0.75
River Plate,Danubio,2025-04-26,1,0,F,L,2025,4,0.2,0.0,0.08333333333333333,0.0,0.41465968586387436,0.3870967741935484
Boston River,Miramar Misiones,2025-04-27,2,0,F,L,2025,4,0.6,0.0,0.3333333333333333,0.16666666666666666,0.38961038961038963,1.0
CA Penarol,CA Cerro,2025-04-27,3,1,F,L,2025,4,0.8,0.2,0.4166666666666667,0.25,0.6854304635761589,0.7808219178082192
CA Progreso,Liverpool,2025-04-27,0,2,F,V,2025,4,0.2,0.4,0.16666666666666666,0.5833333333333334,0.34870317002881845,0.35
Nacional,Montevideo Wanderers,2025-04-27,3,1,F,L,2025,4,0.6,0.0,0.5,0.08333333333333333,0.7066115702479339,0.7142857142857143
Torque FC,Defensor Sporting,2025-04-27,0,1,F,V,2025,4,0.4,0.4,0.3333333333333333,0.5,0.31521739130434784,0.16666666666666666
Racing Club,Cerro Largo FC,2025-04-28,1,1,F,E,2025,4,0.6,0.4,0.5,0.3333333333333333,0.3685121107266436,0.4444444444444444
Boston River,Montevideo Wanderers,2025-05-03,1,0,F,L,2025,5,0.6,0.0,0.38461538461538464,0.07692307692307693,0.3935483870967742,0.1111111111111111
Danubio,Racing Club,2025-05-03,0,0,F,E,2025,5,0.0,0.4,0.0,0.46153846153846156,0.4608150470219436,0.5882352941176471
Defensor Sporting,CA Penarol,2025-05-03,0,1,F,V,2025,5,0.6,0.8,0.5384615384615384,0.46153846153846156,0.4840989399293286,0.21649484536082475
Nacional,CA Cerro,2025-05-03,4,0,F,L,2025,5,0.8,0.2,0.5384615384615384,0.23076923076923078,0.7068538398018167,0.7894736842105263
CA Juventud,Liverpool,2025-05-04,1,0,F,L,2025,5,0.6,0.6,0.5384615384615384,0.6153846153846154,0.30660377358490565,0.5555555555555556
Cerro Largo FC,Plaza Colonia,2025-05-04,2,1,F,L,2025,5,0.4,0.2,0.3076923076923077,0.38461538461538464,0.423963133640553,0.8333333333333334
Torque FC,CA Progreso,2025-05-04,2,3,F,V,2025,5,0.4,0.2,0.3076923076923077,0.15384615384615385,0.3118279569892473,0.25
Miramar Misiones,River Plate,2025-05-05,3,0,F,L,2025,5,0.0,0.4,0.15384615384615385,0.15384615384615385,0.3010752688172043,0.3684210526315789
River Plate,Montevideo Wanderers,2025-05-17,0,1,F,V,2025,5,0.4,0.0,0.14285714285714285,0.07142857142857142,0.41527196652719667,0.4084507042253521
CA Penarol,Torque FC,2025-05-18,2,1,F,L,2025,5,1.0,0.4,0.5,0.2857142857142857,0.685690653432589,0.25
CA Progreso,CA Juventud,2025-05-18,1,2,F,V,2025,5,0.4,0.6,0.21428571428571427,0.5714285714285714,0.34770114942528735,0.25
Liverpool,Cerro Largo FC,2025-05-18,1,0,F,L,2025,5,0.4,0.4,0.5714285714285714,0.35714285714285715,0.4456404736275565,0.9166666666666666
Nacional,Defensor Sporting,2025-05-18,2,1,F,L,2025,5,1.0,0.4,0.5714285714285714,0.5,0.7070957095709571,0.6415094339622641
Plaza Colonia,Danubio,2025-05-19,1,2,F,V,2025,5,0.0,0.0,0.35714285714285715,0.0,0.3051643192488263,0.3076923076923077
Racing Club,Miramar Misiones,2025-05-19,1,1,F,E,2025,5,0.2,0.2,0.42857142857142855,0.21428571428571427,0.36787564766839376,0.4
Boston River,CA Cerro,2025-05-20,0,0,F,E,2025,5,0.8,0.0,0.42857142857142855,0.21428571428571427,0.3974358974358974,0.5
Racing Club,Boston River,2025-05-23,2,0,F,L,2025,5,0.0,0.8,0.4,0.4,0.36724137931034484,0.2
CA Juventud,Torque FC,2025-05-24,3,2,F,L,2025,5,0.6,0.2,0.6,0.26666666666666666,0.30985915492957744,0.0
CA Penarol,Plaza Colonia,2025-05-24,2,0,F,L,2025,5,1.0,0.0,0.5333333333333333,0.3333333333333333,0.6859504132231405,0.5
Nacional,CA Progreso,2025-05-24,1,0,F,L,2025,5,1.0,0.4,0.6,0.2,0.7073371805441055,0.6923076923076923
Danubio,Miramar Misiones,2025-05-25,2,0,F,L,2025,5,0.2,0.2,0.06666666666666667,0.2,0.4603340292275574,0.7777777777777778
Defensor Sporting,Cerro Largo FC,2025-05-25,3,2,F,L,2025,5,0.4,0.4,0.4666666666666667,0.3333333333333333,0.4836716681376876,0.5714285714285714
Liverpool,CA Cerro,2025-05-25,0,0,F,E,2025,5,0.6,0.0,0.6,0.2,0.44623655913978494,0.43548387096774194
Montevideo Wanderers,River Plate,2025-05-25,1,0,F,L,2025,5,0.2,0.4,0.13333333333333333,0.13333333333333333,0.41789577187807275,0.2638888888888889
CA Progreso,Danubio,2025-05-31,0,1,F,V,2025,5,0.4,0.4,0.1875,0.125,0.3467048710601719,0.36
Plaza Colonia,Liverpool,2025-05-31,1,1,F,E,2025,5,0.0,0.6,0.3125,0.5625,0.3037383177570093,0.16666666666666666
CA Cerro,Montevideo Wanderers,2025-06-01,1,2,F,V,2025,6,0.0,0.4,0.1875,0.1875,0.4329896907216495,0.582089552238806
Cerro Largo FC,CA Penarol,2025-06-01,1,1,F,E,2025,6,0.4,1.0,0.3125,0.5625,0.42660550458715596,0.15384615384615385
River Plate,Defensor Sporting,2025-06-01,1,2,F,V,2025,6,0.2,0.4,0.125,0.5,0.4148380355276907,0.3333333333333333
Torque FC,Nacional,2025-06-01,1,2,F,V,2025,6,0.2,1.0,0.25,0.625,0.30851063829787234,0.3333333333333333
Boston River,CA Juventud,2025-06-02,3,2,F,L,2025,6,0.6,0.8,0.375,0.625,0.39490445859872614,1.0
CA Cerro,River Plate,2025-06-06,1,0,F,L,2025,6,0.0,0.2,0.17647058823529413,0.11764705882352941,0.43249427917620137,0.4576271186440678
CA Penarol,Defensor Sporting,2025-06-07,3,0,F,L,2025,6,0.8,0.6,0.5294117647058824,0.5294117647058824,0.6862097440132122,0.7
Danubio,Torque FC,2025-06-07,3,2,F,L,2025,6,0.6,0.0,0.17647058823529413,0.23529411764705882,0.4608967674661105,0.6
Liverpool,Cerro Largo FC,2025-06-07,2,1,F,L,2025,6,0.4,0.2,0.5294117647058824,0.29411764705882354,0.44575725026852847,0.9230769230769231
Montevideo Wanderers,Plaza Colonia,2025-06-07,1,1,F,E,2025,6,0.6,0.0,0.23529411764705882,0.29411764705882354,0.41846758349705304,0.35714285714285715
CA Juventud,Racing Club,2025-06-08,2,1,F,L,2025,6,0.6,0.2,0.5882352941176471,0.4375,0.3130841121495327,0.4
CA Progreso,Miramar Misiones,2025-06-08,1,0,F,L,2025,6,0.2,0.2,0.17647058823529413,0.1875,0.3457142857142857,0.3
Nacional,Boston River,2025-06-08,2,1,F,L,2025,6,1.0,0.6,0.6470588235294118,0.4117647058823529,0.7075782537067545,0.8181818181818182
Cerro Largo FC,Montevideo Wanderers,2025-06-12,0,0,F,E,2025,6,0.2,0.6,0.2777777777777778,0.2222222222222222,0.4246575342465753,0.3076923076923077
Plaza Colonia,CA Cerro,2025-06-13,2,2,F,E,2025,6,0.0,0.2,0.2777777777777778,0.2222222222222222,0.3023255813953488,0.3333333333333333
Torque FC,CA Progreso,2025-06-13,3,1,F,L,2025,6,0.0,0.4,0.2222222222222222,0.2222222222222222,0.30526315789473685,0.2
Boston River,Danubio,2025-06-14,1,1,F,E,2025,6,0.4,0.8,0.3888888888888889,0.2222222222222222,0.3987341772151899,0.2727272727272727
Defensor Sporting,Liverpool,2025-06-14,4,2,F,L,2025,6,0.4,0.4,0.5,0.5555555555555556,0.48412698412698413,0.4810126582278481
Miramar Misiones,CA Juventud,2025-06-14,0,1,F,V,2025,6,0.2,0.8,0.17647058823529413,0.6111111111111112,0.30357142857142855,0.25
Racing Club,Nacional,2025-06-14,1,2,F,V,2025,6,0.2,1.0,0.4117647058823529,0.6666666666666666,0.3683304647160069,0.14285714285714285
River Plate,CA Penarol,2025-06-15,1,3,F,V,2025,6,0.0,0.8,0.1111111111111111,0.5555555555555556,0.4144050104384134,0.2564102564102564
Montevideo Wanderers,Defensor Sporting,2025-06-17,0,0,F,E,2025,6,0.6,0.6,0.21052631578947367,0.5263157894736842,0.4180569185475957,0.34146341463414637
Danubio,Racing Club,2025-06-18,1,2,F,V,2025,6,0.8,0.2,0.21052631578947367,0.3888888888888889,0.46145833333333336,0.5714285714285714
Nacional,CA Juventud,2025-06-18,4,1,F,L,2025,6,1.0,0.8,0.6842105263157895,0.631578947368421,0.7078189300411523,0.6428571428571429
Torque FC,Miramar Misiones,2025-06-18,0,0,F,E,2025,6,0.2,0.2,0.2631578947368421,0.16666666666666666,0.3125,0.0
CA Cerro,Cerro Largo FC,2025-06-19,2,1,F,L,2025,6,0.2,0.0,0.21052631578947367,0.2631578947368421,0.43314285714285716,0.1
CA Progreso,Boston River,2025-06-19,2,0,F,L,2025,6,0.2,0.2,0.21052631578947367,0.3684210526315789,0.3475783475783476,0.5
Liverpool,CA Penarol,2025-06-19,3,2,F,L,2025,6,0.4,0.8,0.5263157894736842,0.5789473684210527,0.44635193133047213,0.2345679012345679
Plaza Colonia,River Plate,2025-06-19,0,0,F,E,2025,6,0.0,0.0,0.2631578947368421,0.10526315789473684,0.30092592592592593,0.2727272727272727
CA Juventud,Danubio,2025-06-21,3,1,F,L,2025,6,0.6,0.6,0.6,0.2,0.31627906976744186,0.06666666666666667
Miramar Misiones,Nacional,2025-06-21,0,2,F,V,2025,6,0.0,1.0,0.15789473684210525,0.7,0.302491103202847,0.17391304347826086
CA Penarol,Montevideo Wanderers,2025-06-22,2,0,F,L,2025,6,0.6,0.4,0.55,0.2,0.6864686468646864,0.6067415730337079
Defensor Sporting,CA Cerro,2025-06-22,2,1,F,L,2025,6,0.6,0.4,0.5,0.25,0.4845814977973568,0.5342465753424658
Racing Club,CA Progreso,2025-06-22,3,0,F,L,2025,6,0.4,0.4,0.42105263157894735,0.25,0.36769759450171824,0.7777777777777778
River Plate,Liverpool,2025-06-22,2,1,F,L,2025,6,0.0,0.4,0.1,0.55,0.41397288842544316,0.3770491803278688
Boston River,Torque FC,2025-06-23,2,1,F,L,2025,6,0.2,0.2,0.35,0.25,0.39622641509433965,0.3333333333333333
Cerro Largo FC,Plaza Colonia,2025-06-23,0,1,F,V,2025,6,0.0,0.0,0.25,0.25,0.42272727272727273,0.8571428571428571
Boston River,Miramar Misiones,2025-06-28,1,2,F,V,2025,6,0.4,0.0,0.38095238095238093,0.15,0.4,1.0
CA Penarol,CA Cerro,2025-06-28,2,0,F,L,2025,6,0.6,0.4,0.5714285714285714,0.23809523809523808,0.686727122835944,0.7837837837837838
Defensor Sporting,Plaza Colonia,2025-06-28,1,1,F,E,2025,6,0.6,0.2,0.5238095238095238,0.2857142857142857,0.4850352112676056,0.5
Liverpool,Montevideo Wanderers,2025-06-28,1,2,F,V,2025,6,0.4,0.2,0.5238095238095238,0.19047619047619047,0.44694533762057875,0.44776119402985076
CA Juventud,CA Progreso,2025-06-29,2,0,F,L,2025,6,0.6,0.4,0.6190476190476191,0.23809523809523808,0.3194444444444444,0.5
Nacional,Danubio,2025-06-29,3,2,F,L,2025,6,1.0,0.4,0.7142857142857143,0.19047619047619047,0.7080592105263158,0.7160493827160493
Racing Club,Torque FC,2025-06-29,1,1,F,E,2025,6,0.6,0.2,0.45,0.23809523809523808,0.3687821612349914,0.6666666666666666
Cerro Largo FC,River Plate,2025-06-30,2,2,F,E,2025,6,0.0,0.2,0.23809523809523808,0.14285714285714285,0.42081447963800905,0.3333333333333333
