model,parameters,variant,variant_rank,n_features,decision,validacion,n_train,n_validacion,train_accuracy,train_macro_f1,accuracy,macro_f1,draw_f1,draw_recall,true_draws,predicted_draws,confusion_matrix
NB propio,"{""m"": 0.1}",current,0,6,three_class,2021,13744,364,0.4832654249126892,0.39633801444082956,0.44505494505494503,0.36201298701298706,0.05357142857142857,0.0297029702970297,101,11,"[[3, 53, 45], [5, 77, 56], [3, 40, 82]]"
NB propio,"{""m"": 0.1}",current,0,6,never_draw,2021,13744,364,0.48537543655413273,0.3636762094417509,0.45054945054945056,0.34884162681048814,0.0,0.0,101,0,"[[0, 56, 45], [0, 81, 57], [0, 42, 83]]"
NB propio,"{""m"": 0.1}",current,0,6,three_class,2022,14108,297,0.48468953785086477,0.3953220735475351,0.4713804713804714,0.40363525943463247,0.15384615384615385,0.08860759493670886,79,12,"[[7, 37, 35], [4, 70, 32], [1, 48, 63]]"
NB propio,"{""m"": 0.1}",current,0,6,never_draw,2022,14108,297,0.48511482846611853,0.3639522962349718,0.46464646464646464,0.3569555394174131,0.0,0.0,79,0,"[[0, 44, 35], [0, 74, 32], [0, 48, 64]]"
NB propio,"{""m"": 0.1}",current,0,6,three_class,2023,14405,300,0.4839291912530371,0.3948445176610899,0.38666666666666666,0.3247979678327937,0.07407407407407407,0.043010752688172046,93,15,"[[4, 43, 46], [5, 68, 46], [6, 38, 44]]"
NB propio,"{""m"": 0.1}",current,0,6,never_draw,2023,14405,300,0.4853175980562305,0.36420838099309494,0.3933333333333333,0.30591016548463357,0.0,0.0,93,0,"[[0, 47, 46], [0, 73, 46], [0, 43, 45]]"
CategoricalNB,"{""alpha"": 0.025}",current,0,6,three_class,2021,13744,364,0.4832654249126892,0.39633801444082956,0.44505494505494503,0.36201298701298706,0.05357142857142857,0.0297029702970297,101,11,"[[3, 53, 45], [5, 77, 56], [3, 40, 82]]"
CategoricalNB,"{""alpha"": 0.025}",current,0,6,never_draw,2021,13744,364,0.48537543655413273,0.3636762094417509,0.45054945054945056,0.34884162681048814,0.0,0.0,101,0,"[[0, 56, 45], [0, 81, 57], [0, 42, 83]]"
CategoricalNB,"{""alpha"": 0.025}",current,0,6,three_class,2022,14108,297,0.48468953785086477,0.3953220735475351,0.4713804713804714,0.40363525943463247,0.15384615384615385,0.08860759493670886,79,12,"[[7, 37, 35], [4, 70, 32], [1, 48, 63]]"
CategoricalNB,"{""alpha"": 0.025}",current,0,6,never_draw,2022,14108,297,0.48511482846611853,0.3639522962349718,0.46464646464646464,0.3569555394174131,0.0,0.0,79,0,"[[0, 44, 35], [0, 74, 32], [0, 48, 64]]"
CategoricalNB,"{""alpha"": 0.025}",current,0,6,three_class,2023,14405,300,0.4839291912530371,0.3948445176610899,0.38666666666666666,0.3247979678327937,0.07407407407407407,0.043010752688172046,93,15,"[[4, 43, 46], [5, 68, 46], [6, 38, 44]]"
CategoricalNB,"{""alpha"": 0.025}",current,0,6,never_draw,2023,14405,300,0.4853175980562305,0.36420838099309494,0.3933333333333333,0.30591016548463357,0.0,0.0,93,0,"[[0, 47, 46], [0, 73, 46], [0, 43, 45]]"
NB propio,"{""m"": 0.1}",plus_points,1,8,three_class,2021,13744,364,0.47657159487776485,0.40489295167833245,0.4258241758241758,0.3695223884453402,0.12030075187969924,0.07920792079207921,101,32,"[[8, 49, 44], [13, 75, 50], [11, 42, 72]]"
NB propio,"{""m"": 0.1}",plus_points,1,8,never_draw,2021,13744,364,0.48268335273573926,0.36214215903333774,0.4423076923076923,0.3423632610939113,0.0,0.0,101,0,"[[0, 55, 46], [0, 83, 55], [0, 47, 78]]"
NB propio,"{""m"": 0.1}",plus_points,1,8,three_class,2022,14108,297,0.47618372554578964,0.40183730456139805,0.48484848484848486,0.419491730927785,0.16666666666666666,0.10126582278481013,79,17,"[[8, 37, 34], [7, 72, 27], [2, 46, 64]]"
NB propio,"{""m"": 0.1}",plus_points,1,8,never_draw,2022,14108,297,0.48171250354408846,0.3620284045329684,0.4713804713804714,0.3618575002017268,0.0,0.0,79,0,"[[0, 42, 37], [0, 76, 30], [0, 48, 64]]"
NB propio,"{""m"": 0.1}",plus_points,1,8,three_class,2023,14405,300,0.47684831655675114,0.3992259978224106,0.38,0.32481169363860096,0.08695652173913043,0.053763440860215055,93,22,"[[5, 43, 45], [7, 67, 45], [10, 36, 42]]"
NB propio,"{""m"": 0.1}",plus_points,1,8,never_draw,2023,14405,300,0.48163832002776813,0.3623384011917074,0.3933333333333333,0.30527511357900056,0.0,0.0,93,0,"[[0, 46, 47], [0, 74, 45], [0, 44, 44]]"
CategoricalNB,"{""alpha"": 0.025}",plus_points,1,8,three_class,2021,13744,364,0.47657159487776485,0.40489295167833245,0.4258241758241758,0.3695223884453402,0.12030075187969924,0.07920792079207921,101,32,"[[8, 49, 44], [13, 75, 50], [11, 42, 72]]"
CategoricalNB,"{""alpha"": 0.025}",plus_points,1,8,never_draw,2021,13744,364,0.48268335273573926,0.36214215903333774,0.4423076923076923,0.3423632610939113,0.0,0.0,101,0,"[[0, 55, 46], [0, 83, 55], [0, 47, 78]]"
CategoricalNB,"{""alpha"": 0.025}",plus_points,1,8,three_class,2022,14108,297,0.47618372554578964,0.40183730456139805,0.48484848484848486,0.419491730927785,0.16666666666666666,0.10126582278481013,79,17,"[[8, 37, 34], [7, 72, 27], [2, 46, 64]]"
CategoricalNB,"{""alpha"": 0.025}",plus_points,1,8,never_draw,2022,14108,297,0.48171250354408846,0.3620284045329684,0.4713804713804714,0.3618575002017268,0.0,0.0,79,0,"[[0, 42, 37], [0, 76, 30], [0, 48, 64]]"
CategoricalNB,"{""alpha"": 0.025}",plus_points,1,8,three_class,2023,14405,300,0.47684831655675114,0.3992259978224106,0.38,0.32481169363860096,0.08695652173913043,0.053763440860215055,93,22,"[[5, 43, 45], [7, 67, 45], [10, 36, 42]]"
CategoricalNB,"{""alpha"": 0.025}",plus_points,1,8,never_draw,2023,14405,300,0.48163832002776813,0.3623384011917074,0.3933333333333333,0.30527511357900056,0.0,0.0,93,0,"[[0, 46, 47], [0, 74, 45], [0, 44, 44]]"
NB propio,"{""m"": 0.1}",plus_goal_difference,2,8,three_class,2021,13744,364,0.47911816065192087,0.4147538759966743,0.42032967032967034,0.3660047506160809,0.11678832116788321,0.07920792079207921,101,36,"[[8, 49, 44], [15, 75, 48], [13, 42, 70]]"
NB propio,"{""m"": 0.1}",plus_goal_difference,2,8,never_draw,2021,13744,364,0.4852299185098952,0.36454735486695805,0.45054945054945056,0.34875191034131436,0.0,0.0,101,0,"[[0, 56, 45], [0, 85, 53], [0, 46, 79]]"
NB propio,"{""m"": 0.1}",plus_goal_difference,2,8,three_class,2022,14108,297,0.4783810603912674,0.4065985002363366,0.48148148148148145,0.4185474810309535,0.1553398058252427,0.10126582278481013,79,24,"[[8, 38, 33], [12, 70, 24], [4, 43, 65]]"
NB propio,"{""m"": 0.1}",plus_goal_difference,2,8,never_draw,2022,14108,297,0.48483130138928265,0.3646747061264988,0.4882154882154882,0.37498991366093765,0.0,0.0,79,0,"[[0, 43, 36], [0, 78, 28], [0, 45, 67]]"
NB propio,"{""m"": 0.1}",plus_goal_difference,2,8,three_class,2023,14405,300,0.4785838250607428,0.4066377052930907,0.37666666666666665,0.3233185814841942,0.0847457627118644,0.053763440860215055,93,25,"[[5, 45, 43], [9, 66, 44], [11, 35, 42]]"
NB propio,"{""m"": 0.1}",plus_goal_difference,2,8,never_draw,2023,14405,300,0.4848316556751128,0.3649441356668864,0.4,0.3118418292427103,0.0,0.0,93,0,"[[0, 47, 46], [0, 73, 46], [0, 41, 47]]"
CategoricalNB,"{""alpha"": 0.025}",plus_goal_difference,2,8,three_class,2021,13744,364,0.47911816065192087,0.4147538759966743,0.42032967032967034,0.3660047506160809,0.11678832116788321,0.07920792079207921,101,36,"[[8, 49, 44], [15, 75, 48], [13, 42, 70]]"
CategoricalNB,"{""alpha"": 0.025}",plus_goal_difference,2,8,never_draw,2021,13744,364,0.4852299185098952,0.36454735486695805,0.45054945054945056,0.34875191034131436,0.0,0.0,101,0,"[[0, 56, 45], [0, 85, 53], [0, 46, 79]]"
CategoricalNB,"{""alpha"": 0.025}",plus_goal_difference,2,8,three_class,2022,14108,297,0.4783810603912674,0.4065985002363366,0.48148148148148145,0.4185474810309535,0.1553398058252427,0.10126582278481013,79,24,"[[8, 38, 33], [12, 70, 24], [4, 43, 65]]"
CategoricalNB,"{""alpha"": 0.025}",plus_goal_difference,2,8,never_draw,2022,14108,297,0.48483130138928265,0.3646747061264988,0.4882154882154882,0.37498991366093765,0.0,0.0,79,0,"[[0, 43, 36], [0, 78, 28], [0, 45, 67]]"
CategoricalNB,"{""alpha"": 0.025}",plus_goal_difference,2,8,three_class,2023,14405,300,0.4785838250607428,0.4066377052930907,0.37666666666666665,0.3233185814841942,0.0847457627118644,0.053763440860215055,93,25,"[[5, 45, 43], [9, 66, 44], [11, 35, 42]]"
CategoricalNB,"{""alpha"": 0.025}",plus_goal_difference,2,8,never_draw,2023,14405,300,0.4848316556751128,0.3649441356668864,0.4,0.3118418292427103,0.0,0.0,93,0,"[[0, 47, 46], [0, 73, 46], [0, 41, 47]]"
NB propio,"{""m"": 0.1}",plus_points_and_goals,3,10,three_class,2021,13744,364,0.4746071012805588,0.41708737980944216,0.41483516483516486,0.3735858670297038,0.1610738255033557,0.1188118811881188,101,48,"[[12, 47, 42], [17, 73, 48], [19, 40, 66]]"
NB propio,"{""m"": 0.1}",plus_points_and_goals,3,10,never_draw,2021,13744,364,0.4828288707799767,0.3630413292412154,0.43956043956043955,0.34002434330865006,0.0,0.0,101,0,"[[0, 56, 45], [0, 85, 53], [0, 50, 75]]"
NB propio,"{""m"": 0.1}",plus_points_and_goals,3,10,three_class,2022,14108,297,0.47349021831584914,0.4133778397501631,0.4781144781144781,0.4312247009177319,0.21238938053097345,0.1518987341772152,79,34,"[[12, 38, 29], [14, 69, 23], [8, 43, 61]]"
NB propio,"{""m"": 0.1}",plus_points_and_goals,3,10,never_draw,2022,14108,297,0.4820669123901333,0.36286480943511895,0.4781144781144781,0.3670975489157307,0.0,0.0,79,0,"[[0, 43, 36], [0, 77, 29], [0, 47, 65]]"
NB propio,"{""m"": 0.1}",plus_points_and_goals,3,10,three_class,2023,14405,300,0.47247483512669214,0.4125050744732211,0.39,0.3525843384282586,0.16923076923076924,0.11827956989247312,93,37,"[[11, 42, 40], [12, 66, 41], [14, 34, 40]]"
NB propio,"{""m"": 0.1}",plus_points_and_goals,3,10,never_draw,2023,14405,300,0.4817077403679278,0.36291100316904373,0.4066666666666667,0.31715963918607093,0.0,0.0,93,0,"[[0, 47, 46], [0, 74, 45], [0, 40, 48]]"
CategoricalNB,"{""alpha"": 0.025}",plus_points_and_goals,3,10,three_class,2021,13744,364,0.4746071012805588,0.41708737980944216,0.41483516483516486,0.3735858670297038,0.1610738255033557,0.1188118811881188,101,48,"[[12, 47, 42], [17, 73, 48], [19, 40, 66]]"
CategoricalNB,"{""alpha"": 0.025}",plus_points_and_goals,3,10,never_draw,2021,13744,364,0.4828288707799767,0.3630413292412154,0.43956043956043955,0.34002434330865006,0.0,0.0,101,0,"[[0, 56, 45], [0, 85, 53], [0, 50, 75]]"
CategoricalNB,"{""alpha"": 0.025}",plus_points_and_goals,3,10,three_class,2022,14108,297,0.47349021831584914,0.4133778397501631,0.4781144781144781,0.4312247009177319,0.21238938053097345,0.1518987341772152,79,34,"[[12, 38, 29], [14, 69, 23], [8, 43, 61]]"
CategoricalNB,"{""alpha"": 0.025}",plus_points_and_goals,3,10,never_draw,2022,14108,297,0.4820669123901333,0.36286480943511895,0.4781144781144781,0.3670975489157307,0.0,0.0,79,0,"[[0, 43, 36], [0, 77, 29], [0, 47, 65]]"
CategoricalNB,"{""alpha"": 0.025}",plus_points_and_goals,3,10,three_class,2023,14405,300,0.47247483512669214,0.4125050744732211,0.39,0.3525843384282586,0.16923076923076924,0.11827956989247312,93,37,"[[11, 42, 40], [12, 66, 41], [14, 34, 40]]"
CategoricalNB,"{""alpha"": 0.025}",plus_points_and_goals,3,10,never_draw,2023,14405,300,0.4817077403679278,0.36291100316904373,0.4066666666666667,0.31715963918607093,0.0,0.0,93,0,"[[0, 47, 46], [0, 74, 45], [0, 40, 48]]"
NB propio,"{""m"": 0.1}",plus_draw_rates,4,8,three_class,2021,13744,364,0.4739522700814901,0.4073929987732629,0.4258241758241758,0.3781880472021317,0.13513513513513514,0.09900990099009901,101,47,"[[10, 45, 46], [20, 69, 49], [17, 32, 76]]"
NB propio,"{""m"": 0.1}",plus_draw_rates,4,8,never_draw,2021,13744,364,0.4802823050058207,0.36073433199348975,0.45054945054945056,0.348559486490521,0.0,0.0,101,0,"[[0, 53, 48], [0, 78, 60], [0, 39, 86]]"
NB propio,"{""m"": 0.1}",plus_draw_rates,4,8,three_class,2022,14108,297,0.4741990360079388,0.40615330653787235,0.46464646464646464,0.42349340866290014,0.22033898305084745,0.16455696202531644,79,39,"[[13, 34, 32], [15, 60, 31], [11, 36, 65]]"
NB propio,"{""m"": 0.1}",plus_draw_rates,4,8,never_draw,2022,14108,297,0.4802239863907003,0.36123930825851347,0.468013468013468,0.3598290598290598,0.0,0.0,79,0,"[[0, 39, 40], [0, 71, 35], [0, 44, 68]]"
NB propio,"{""m"": 0.1}",plus_draw_rates,4,8,three_class,2023,14405,300,0.4737244012495661,0.40546366717160526,0.37666666666666665,0.35047619047619044,0.2,0.15053763440860216,93,47,"[[14, 37, 42], [18, 60, 41], [15, 34, 39]]"
NB propio,"{""m"": 0.1}",plus_draw_rates,4,8,never_draw,2023,14405,300,0.4794168691426588,0.360758083019235,0.38333333333333336,0.2983084952524681,0.0,0.0,93,0,"[[0, 45, 48], [0, 71, 48], [0, 44, 44]]"
CategoricalNB,"{""alpha"": 0.025}",plus_draw_rates,4,8,three_class,2021,13744,364,0.4739522700814901,0.4073929987732629,0.4258241758241758,0.3781880472021317,0.13513513513513514,0.09900990099009901,101,47,"[[10, 45, 46], [20, 69, 49], [17, 32, 76]]"
CategoricalNB,"{""alpha"": 0.025}",plus_draw_rates,4,8,never_draw,2021,13744,364,0.4802823050058207,0.36073433199348975,0.45054945054945056,0.348559486490521,0.0,0.0,101,0,"[[0, 53, 48], [0, 78, 60], [0, 39, 86]]"
CategoricalNB,"{""alpha"": 0.025}",plus_draw_rates,4,8,three_class,2022,14108,297,0.4741990360079388,0.40615330653787235,0.46464646464646464,0.42349340866290014,0.22033898305084745,0.16455696202531644,79,39,"[[13, 34, 32], [15, 60, 31], [11, 36, 65]]"
CategoricalNB,"{""alpha"": 0.025}",plus_draw_rates,4,8,never_draw,2022,14108,297,0.4802239863907003,0.36123930825851347,0.468013468013468,0.3598290598290598,0.0,0.0,79,0,"[[0, 39, 40], [0, 71, 35], [0, 44, 68]]"
CategoricalNB,"{""alpha"": 0.025}",plus_draw_rates,4,8,three_class,2023,14405,300,0.4737244012495661,0.40546366717160526,0.37666666666666665,0.35047619047619044,0.2,0.15053763440860216,93,47,"[[14, 37, 42], [18, 60, 41], [15, 34, 39]]"
CategoricalNB,"{""alpha"": 0.025}",plus_draw_rates,4,8,never_draw,2023,14405,300,0.4794168691426588,0.360758083019235,0.38333333333333336,0.2983084952524681,0.0,0.0,93,0,"[[0, 45, 48], [0, 71, 48], [0, 44, 44]]"
NB propio,"{""m"": 0.1}",without_home_history,5,5,three_class,2021,13744,364,0.4863213038416764,0.38979703926981807,0.43956043956043955,0.35472116311834934,0.05357142857142857,0.0297029702970297,101,11,"[[3, 60, 38], [3, 94, 41], [5, 57, 63]]"
NB propio,"{""m"": 0.1}",without_home_history,5,5,never_draw,2021,13744,364,0.48726717112922,0.3621043734835061,0.4423076923076923,0.3402991232594121,0.0,0.0,101,0,"[[0, 60, 41], [0, 94, 44], [0, 58, 67]]"
NB propio,"{""m"": 0.1}",without_home_history,5,5,three_class,2022,14108,297,0.48695775446555145,0.38450911758243883,0.4511784511784512,0.36259763043242393,0.04395604395604396,0.02531645569620253,79,12,"[[2, 46, 31], [6, 77, 23], [4, 53, 55]]"
NB propio,"{""m"": 0.1}",without_home_history,5,5,never_draw,2022,14108,297,0.4863198185426708,0.36181956796368064,0.45791245791245794,0.3508456863401617,0.0,0.0,79,0,"[[0, 46, 33], [0, 77, 29], [0, 53, 59]]"
NB propio,"{""m"": 0.1}",without_home_history,5,5,three_class,2023,14405,300,0.48601180145782713,0.3623744417850536,0.38333333333333336,0.2934943639291465,0.0,0.0,93,0,"[[0, 54, 39], [0, 77, 42], [0, 50, 38]]"
NB propio,"{""m"": 0.1}",without_home_history,5,5,never_draw,2023,14405,300,0.48601180145782713,0.3623744417850536,0.38333333333333336,0.2934943639291465,0.0,0.0,93,0,"[[0, 54, 39], [0, 77, 42], [0, 50, 38]]"
CategoricalNB,"{""alpha"": 0.025}",without_home_history,5,5,three_class,2021,13744,364,0.4863213038416764,0.38979703926981807,0.43956043956043955,0.35472116311834934,0.05357142857142857,0.0297029702970297,101,11,"[[3, 60, 38], [3, 94, 41], [5, 57, 63]]"
CategoricalNB,"{""alpha"": 0.025}",without_home_history,5,5,never_draw,2021,13744,364,0.48726717112922,0.3621043734835061,0.4423076923076923,0.3402991232594121,0.0,0.0,101,0,"[[0, 60, 41], [0, 94, 44], [0, 58, 67]]"
CategoricalNB,"{""alpha"": 0.025}",without_home_history,5,5,three_class,2022,14108,297,0.48695775446555145,0.38450911758243883,0.4511784511784512,0.36259763043242393,0.04395604395604396,0.02531645569620253,79,12,"[[2, 46, 31], [6, 77, 23], [4, 53, 55]]"
CategoricalNB,"{""alpha"": 0.025}",without_home_history,5,5,never_draw,2022,14108,297,0.4863198185426708,0.36181956796368064,0.45791245791245794,0.3508456863401617,0.0,0.0,79,0,"[[0, 46, 33], [0, 77, 29], [0, 53, 59]]"
CategoricalNB,"{""alpha"": 0.025}",without_home_history,5,5,three_class,2023,14405,300,0.48601180145782713,0.3623744417850536,0.38333333333333336,0.2934943639291465,0.0,0.0,93,0,"[[0, 54, 39], [0, 77, 42], [0, 50, 38]]"
CategoricalNB,"{""alpha"": 0.025}",without_home_history,5,5,never_draw,2023,14405,300,0.48601180145782713,0.3623744417850536,0.38333333333333336,0.2934943639291465,0.0,0.0,93,0,"[[0, 54, 39], [0, 77, 42], [0, 50, 38]]"
NB propio,"{""m"": 0.1}",without_home_h2h,6,5,three_class,2021,13744,364,0.4783905704307334,0.39379737927390285,0.4340659340659341,0.358454866422872,0.06666666666666667,0.039603960396039604,101,19,"[[4, 56, 41], [8, 88, 42], [7, 52, 66]]"
NB propio,"{""m"": 0.1}",without_home_h2h,6,5,never_draw,2021,13744,364,0.4791909196740396,0.3528279341137573,0.4478021978021978,0.34424242424242424,0.0,0.0,101,0,"[[0, 60, 41], [0, 96, 42], [0, 58, 67]]"
NB propio,"{""m"": 0.1}",without_home_h2h,6,5,three_class,2022,14108,297,0.47986957754465553,0.37594621783537024,0.46464646464646464,0.36956970492721714,0.046511627906976744,0.02531645569620253,79,7,"[[2, 47, 30], [1, 81, 24], [4, 53, 55]]"
NB propio,"{""m"": 0.1}",without_home_h2h,6,5,never_draw,2022,14108,297,0.47965693223702865,0.35467637523163237,0.4612794612794613,0.35223367697594504,0.0,0.0,79,0,"[[0, 48, 31], [0, 81, 25], [0, 56, 56]]"
NB propio,"{""m"": 0.1}",without_home_h2h,6,5,three_class,2023,14405,300,0.4787920860812218,0.37535739562889153,0.38333333333333336,0.3040817632978921,0.038461538461538464,0.021505376344086023,93,11,"[[2, 56, 35], [4, 79, 36], [5, 49, 34]]"
NB propio,"{""m"": 0.1}",without_home_h2h,6,5,never_draw,2023,14405,300,0.4790697674418605,0.3544726066382786,0.39,0.29366467553326076,0.0,0.0,93,0,"[[0, 58, 35], [0, 83, 36], [0, 54, 34]]"
CategoricalNB,"{""alpha"": 0.025}",without_home_h2h,6,5,three_class,2021,13744,364,0.4783905704307334,0.39379737927390285,0.4340659340659341,0.358454866422872,0.06666666666666667,0.039603960396039604,101,19,"[[4, 56, 41], [8, 88, 42], [7, 52, 66]]"
CategoricalNB,"{""alpha"": 0.025}",without_home_h2h,6,5,never_draw,2021,13744,364,0.4791909196740396,0.3528279341137573,0.4478021978021978,0.34424242424242424,0.0,0.0,101,0,"[[0, 60, 41], [0, 96, 42], [0, 58, 67]]"
CategoricalNB,"{""alpha"": 0.025}",without_home_h2h,6,5,three_class,2022,14108,297,0.47986957754465553,0.37594621783537024,0.46464646464646464,0.36956970492721714,0.046511627906976744,0.02531645569620253,79,7,"[[2, 47, 30], [1, 81, 24], [4, 53, 55]]"
CategoricalNB,"{""alpha"": 0.025}",without_home_h2h,6,5,never_draw,2022,14108,297,0.47965693223702865,0.35467637523163237,0.4612794612794613,0.35223367697594504,0.0,0.0,79,0,"[[0, 48, 31], [0, 81, 25], [0, 56, 56]]"
CategoricalNB,"{""alpha"": 0.025}",without_home_h2h,6,5,three_class,2023,14405,300,0.4787920860812218,0.37535739562889153,0.38333333333333336,0.3040817632978921,0.038461538461538464,0.021505376344086023,93,11,"[[2, 56, 35], [4, 79, 36], [5, 49, 34]]"
CategoricalNB,"{""alpha"": 0.025}",without_home_h2h,6,5,never_draw,2023,14405,300,0.4790697674418605,0.3544726066382786,0.39,0.29366467553326076,0.0,0.0,93,0,"[[0, 58, 35], [0, 83, 36], [0, 54, 34]]"
